user_id,year,Grade (year of study):,Age,Gender,Country,Study programme:,"How many hours of AI-related courses have you taken (from 0 to many, not per week, summary in your study):",L1,L2,L3,L4,L5,RE1,RE2,RE3,RE4,RE5,RE6,R1,R2,R3,R4,R5,R6,SG1,SG2,SG3,SG4,SG5,CM1,CM2,CM3,CM4,A1,A2,A3,A4,A5,IM1,IM2,IM3,IM4,S1,S2,S3,S4,S5,C1,C2,C3,C4,C5,BI1,BI2,BI3,BI4,BI5
1,2022,1,20,male,SK,IT,0,4,4,4,4,4,4,4,3,3,2,3,5,2,2,2,3,2,4,4,4,4,4,2,3,2,4,4,3,2,2,2,3,3,3,3,3,3,3,3,3,4,4,4,4,0,0,0,0,0,0
2,2022,3,22,male,SK,IT,25,4,4,5,2,2,4,3,4,4,2,3,4,5,5,3,4,4,4,4,4,5,4,4,4,4,4,3,4,3,4,4,5,0,3,4,4,4,5,4,3,3,4,4,4,3,3,4,5,3,3
3,2022,1,17,male,SK,IT,0,5,5,5,3,1,5,5,5,5,2,5,5,4,4,3,4,5,5,5,5,5,5,4,4,3,3,1,2,2,1,1,5,3,3,3,4,4,4,3,3,3,5,3,3,3,3,3,4,3,3
4,2022,3,22,male,SK,education,0,5,5,3,5,5,5,5,4,5,3,3,4,5,5,5,3,5,3,4,5,2,4,4,2,4,3,3,4,1,1,2,0,0,4,0,0,0,4,0,0,0,0,0,0,0,0,3,4,4,4
5,2022,1,20,male,SK,IT,0,5,4,4,5,3,4,4,4,3,3,4,4,4,4,2,2,4,3,3,4,4,3,3,4,4,2,2,2,2,2,2,4,4,2,3,3,3,4,3,3,4,4,3,4,2,3,4,4,4,4
6,2022,1,21,female,SK,education,2,4,4,4,4,3,3,4,2,2,2,3,4,3,3,2,2,2,4,3,4,4,3,4,4,3,3,3,3,2,4,2,4,3,2,0,3,3,4,3,3,3,3,3,3,3,0,0,0,4,3
7,2022,2,21,female,SK,education,0,4,4,3,3,4,4,4,2,3,2,4,2,2,2,2,3,3,4,3,4,4,4,3,3,4,4,2,2,2,2,2,3,4,4,0,0,0,0,0,0,0,0,0,0,0,3,2,2,5,3
8,2022,3,21,male,SK,IT,0,5,5,5,3,5,5,5,4,3,4,2,5,5,5,5,2,5,5,5,4,4,3,5,5,5,3,2,3,2,1,1,5,4,4,1,4,0,4,1,4,3,5,5,4,4,4,4,5,4,5
9,2022,3,22,male,SK,IT,1,5,5,5,5,5,5,5,5,5,5,5,5,5,5,5,3,5,5,5,5,5,5,5,5,5,3,2,2,2,2,2,5,3,3,3,5,3,5,5,3,3,4,3,5,5,5,5,3,5,5
10,2022,3,24,male,SK,IT,18,5,5,5,5,3,4,4,4,4,4,4,4,4,4,4,3,4,4,4,4,3,3,4,3,3,4,3,2,3,2,2,0,0,4,0,4,4,4,0,0,3,0,0,3,2,3,3,4,4,4
11,2022,2,25,male,SK,IT,0,5,5,4,5,5,5,5,5,5,5,5,5,5,5,5,5,5,5,5,5,5,5,5,5,5,5,5,5,5,5,5,1,1,1,1,1,1,3,3,3,3,3,3,3,3,3,3,3,3,3
12,2022,1,20,male,SK,IT,0,4,4,5,4,5,5,5,5,5,4,4,5,4,4,4,4,3,5,4,4,5,4,4,5,4,4,2,3,2,3,2,0,4,5,0,3,3,4,0,0,4,4,4,4,3,3,4,4,3,4
13,2022,4,25,male,SK,IT,40,5,5,4,5,3,5,4,4,3,3,3,4,4,4,5,3,4,4,4,3,3,3,5,3,2,4,2,3,2,1,1,3,1,4,3,3,3,4,3,3,3,4,4,4,3,3,2,4,4,4
14,2022,3,24,male,SK,IT,64,5,5,5,5,4,5,5,5,5,5,4,5,4,5,5,3,5,5,4,5,2,4,5,5,5,4,4,3,2,2,2,4,4,4,3,3,5,4,3,3,3,5,4,5,5,4,4,4,4,4
15,2022,1,22,female,SK,education,0,5,5,5,3,4,5,5,5,5,5,5,5,5,3,5,3,5,5,5,4,2,3,5,5,5,3,3,3,1,5,4,5,0,3,0,0,3,4,0,3,0,0,0,0,0,0,4,4,4,5
16,2022,2,20,male,SK,IT,0,5,5,5,3,3,5,5,5,5,3,3,5,5,5,5,5,5,5,5,5,5,5,5,5,5,5,3,2,1,2,1,4,0,4,0,5,0,5,0,5,0,3,3,4,4,4,4,4,4,4
17,2022,1,24,male,SK,IT,0,5,5,5,5,2,5,5,5,4,2,4,4,3,4,3,3,4,5,5,4,4,3,3,4,5,4,1,2,1,1,1,5,4,3,4,3,3,5,2,4,3,4,3,5,4,4,4,5,4,4
18,2022,4,21,male,SK,IT,24,4,4,3,2,4,5,4,4,4,3,3,4,4,4,3,2,4,4,4,3,2,4,3,4,2,3,2,2,2,1,1,4,2,2,3,4,4,3,4,3,3,4,2,4,1,4,3,4,4,4
19,2022,5,24,male,SK,IT,70,5,5,3,3,4,5,4,3,3,3,4,4,4,4,3,4,3,4,4,4,4,4,4,5,4,3,3,3,3,2,2,4,4,4,4,4,4,4,4,3,3,4,3,3,3,3,3,4,3,3
20,2022,2,20,female,SK,education,0,4,5,5,5,4,5,5,5,5,4,4,4,5,5,4,4,5,5,5,4,4,5,5,4,4,4,2,2,2,2,2,4,4,5,0,4,0,4,0,0,5,4,5,5,4,4,4,4,4,5
21,2022,2,21,male,SK,IT,5,5,5,5,5,4,5,4,4,3,5,4,5,5,5,4,4,3,5,5,5,4,5,4,5,5,5,1,2,1,1,1,5,4,5,4,4,4,5,4,5,4,5,5,5,0,5,5,5,3,4
22,2022,5,23,male,SK,IT,70,4,4,3,4,4,4,4,3,3,3,2,4,3,4,4,4,4,4,4,3,4,3,3,2,4,2,3,4,3,3,3,4,4,3,4,4,4,4,4,4,4,4,3,4,4,4,2,4,4,2
23,2022,3,23,male,SK,IT,36,5,5,5,1,1,5,5,5,5,5,5,5,5,5,5,1,5,1,1,5,1,5,5,5,5,5,1,1,1,1,5,5,5,5,1,5,1,5,1,5,1,1,5,1,5,5,5,5,5,5
24,2022,2,22,female,SK,IT,7,5,5,5,5,5,5,5,4,5,3,3,4,4,4,4,4,4,5,5,5,5,5,5,5,4,4,4,4,4,4,4,4,2,2,4,3,3,4,3,3,3,4,4,4,3,3,3,4,4,4
25,2022,4,23,male,SK,IT,2,4,4,4,3,4,4,4,4,4,4,4,2,3,3,3,3,4,2,4,3,3,4,4,4,2,2,2,2,2,2,2,4,4,4,4,0,4,4,4,0,0,4,4,3,2,0,2,0,4,4
26,2022,3,22,male,SK,education,0,5,3,3,5,3,4,4,5,3,3,3,4,3,5,3,4,4,3,5,3,4,5,3,4,3,4,1,3,3,4,3,5,3,4,3,3,4,3,3,4,3,3,4,5,4,3,4,3,3,4
27,2022,1,24,female,SK,IT,1,5,5,5,5,4,5,5,4,5,3,2,5,4,5,5,3,5,4,4,3,3,3,4,4,3,4,2,3,1,1,1,4,4,5,0,0,0,4,0,3,0,4,0,5,0,3,4,4,5,5
28,2022,2,20,female,SK,education,8,4,4,3,4,4,4,4,5,4,3,4,4,4,2,4,3,2,4,4,4,4,4,4,4,4,4,2,4,2,2,2,3,2,4,4,4,4,4,4,4,4,4,4,4,4,4,4,4,4,4
29,2022,1,21,male,SK,IT education,0,4,3,4,4,4,3,4,5,4,5,4,3,4,3,4,5,3,4,4,5,4,5,4,3,5,4,4,4,5,4,3,5,4,5,4,5,5,5,4,5,4,5,5,4,5,4,4,5,4,4
30,2022,3,21,male,SK,IT,12,5,5,5,2,3,5,4,2,3,2,4,4,3,4,3,3,3,4,4,3,5,3,3,3,3,3,3,4,3,3,2,4,3,3,4,3,4,4,4,3,4,4,4,4,3,3,3,4,4,4
31,2022,2,21,male,SK,IT,0,5,5,5,1,4,5,5,4,4,4,3,4,4,4,3,4,4,4,4,4,3,3,4,4,4,4,2,2,1,1,1,4,3,4,0,0,0,4,0,3,0,4,4,4,0,4,4,4,5,5
32,2022,3,21,male,SK,IT,36,5,5,5,1,5,5,5,3,3,4,2,5,2,5,3,3,3,5,5,4,5,3,2,2,1,2,1,1,1,1,1,4,3,4,4,2,4,1,4,2,3,4,4,4,4,2,4,4,5,5
33,2022,3,21,male,SK,IT,28,5,5,4,5,3,5,4,4,5,4,2,4,4,4,3,4,3,5,2,5,4,4,4,5,5,4,3,2,4,2,1,5,4,4,4,4,5,4,2,4,4,5,5,5,4,5,4,4,0,4
34,2022,2,20,male,SK,IT,0,5,5,5,4,4,4,4,4,4,4,4,4,4,4,4,4,4,4,4,4,4,4,4,4,4,4,4,4,4,4,4,5,5,5,5,5,5,5,5,5,5,5,5,5,5,5,5,5,5,5
35,2022,2,20,female,SK,STEM education,0,4,4,3,2,4,4,4,3,4,3,3,4,4,4,4,2,4,4,4,4,3,4,4,4,2,3,4,4,2,4,3,4,2,3,0,3,3,3,0,3,2,3,3,3,3,3,3,3,3,3
36,2022,2,21,male,SK,IT,0,5,5,4,4,3,5,4,5,5,3,2,4,4,3,4,3,5,5,4,4,4,4,4,4,4,4,3,2,2,2,1,5,4,0,0,0,0,4,0,0,0,0,0,4,0,3,4,4,4,4
37,2022,3,23,female,SK,other,0,5,5,4,1,4,3,4,2,4,2,4,4,2,2,4,1,4,4,1,1,3,3,2,2,2,2,2,2,2,5,4,4,2,0,0,2,0,4,0,2,0,0,0,0,0,3,2,4,3,2
38,2022,2,20,female,SK,education,0,5,5,5,5,4,4,4,3,3,3,4,3,2,3,3,3,3,4,4,4,4,3,3,3,3,3,4,3,3,3,3,0,0,0,0,0,0,0,0,0,0,0,0,0,0,0,0,0,3,3
39,2022,5,23,male,SK,IT,60,5,5,4,1,4,4,5,4,4,4,4,4,4,2,3,3,3,4,3,5,2,4,3,3,4,4,2,4,2,2,2,5,3,3,4,4,5,4,4,3,4,4,3,4,4,3,2,3,4,4
40,2022,2,20,male,SK,IT education,0,4,4,4,2,3,5,4,4,4,3,2,5,4,4,4,4,5,4,5,4,4,4,4,3,3,4,2,2,1,1,1,4,4,5,0,4,0,4,0,4,4,5,3,4,3,4,3,5,5,5
41,2022,1,20,male,SK,IT,300,4,5,3,3,2,5,4,4,4,2,4,4,3,4,3,3,3,5,4,4,3,4,4,3,3,3,2,2,1,1,1,0,0,5,0,0,0,3,0,0,0,0,0,0,0,0,3,4,4,4
42,2022,3,23,male,SK,IT,26,4,4,2,2,4,4,4,3,3,3,3,4,4,4,2,4,3,3,4,4,4,4,4,4,2,4,2,3,2,2,2,3,2,2,4,3,4,4,4,3,4,4,3,4,3,3,3,4,4,4
43,2022,2,22,female,SK,education,0,4,4,4,2,4,3,4,4,4,3,4,4,3,4,4,3,4,4,4,4,4,3,3,3,3,2,2,3,2,4,2,3,3,3,3,3,3,3,3,3,3,3,3,3,3,2,2,2,4,4
44,2022,4,22,male,SK,IT,24,5,4,4,4,5,5,4,5,5,5,3,5,5,5,4,3,3,5,5,5,2,3,5,5,4,5,1,1,1,1,1,4,3,3,2,4,4,5,3,3,3,4,3,5,2,4,4,5,4,3
45,2022,3,22,male,SK,IT,25,5,5,5,4,5,5,5,5,5,5,4,5,5,3,3,2,4,4,5,5,5,5,4,4,3,3,2,2,2,1,1,4,4,2,2,3,3,3,2,3,3,4,3,4,2,2,3,4,5,5
46,2022,1,51,male,SK,IT,0,5,5,4,5,5,5,5,5,5,5,4,5,5,5,5,4,5,4,4,5,4,5,5,5,5,5,3,3,2,3,2,5,5,3,3,4,3,4,3,4,4,4,4,4,3,5,5,5,5,5
47,2022,2,22,male,SK,IT,0,5,5,5,5,5,5,5,5,5,5,5,5,5,5,5,5,5,5,5,5,5,5,5,5,5,5,3,3,3,3,3,3,3,3,3,0,0,0,0,0,0,0,0,0,0,0,0,0,0,0
48,2022,2,21,female,SK,education,1,4,4,4,2,2,4,4,4,4,2,2,4,4,4,4,4,4,3,4,4,4,4,3,4,3,3,2,2,2,2,2,3,3,3,4,4,4,4,4,3,3,4,4,4,3,3,3,3,4,4
49,2022,1,19,male,SK,IT,26,5,5,5,1,2,5,4,3,4,2,4,4,4,4,4,3,4,5,5,4,3,3,4,4,3,4,4,3,2,2,2,4,2,4,2,3,4,3,3,3,5,4,2,4,3,4,3,4,4,4
50,2022,3,21,male,SK,other,0,5,5,5,3,5,4,4,4,4,3,2,4,5,5,3,3,3,4,4,4,2,3,4,4,5,4,2,1,1,1,1,5,3,4,0,0,0,5,0,0,0,5,5,5,0,0,3,3,5,3
51,2022,3,21,male,SK,IT education,0,5,5,5,5,3,5,5,5,3,3,5,4,4,5,5,3,3,5,5,5,5,5,5,5,4,4,3,2,1,1,1,5,0,0,0,0,0,4,0,0,0,0,0,0,0,0,4,4,4,4
52,2022,2,20,male,SK,IT,0,5,4,5,5,5,4,4,4,4,3,2,5,4,4,4,4,3,4,5,4,3,5,4,4,4,4,1,1,1,1,1,4,4,4,0,4,0,5,4,0,0,5,5,5,3,4,4,4,4,4
53,2022,2,20,male,SK,IT,0,5,5,5,1,4,5,4,4,4,3,3,3,3,1,4,3,3,4,4,3,3,4,3,3,3,3,1,1,1,1,1,3,3,4,3,4,4,4,0,0,0,0,0,0,0,0,0,0,0,0
54,2022,2,20,female,SK,education,1,5,5,5,4,4,5,5,5,5,4,4,4,5,4,4,4,5,4,4,4,4,4,4,4,4,4,2,2,2,2,2,4,3,4,4,3,4,4,4,3,0,0,0,4,4,4,5,5,5,5
55,2022,2,21,male,SK,IT,0,5,5,5,5,5,5,5,4,4,4,3,4,5,5,4,4,4,4,4,4,4,4,4,3,4,3,3,3,2,2,2,4,4,0,0,0,0,4,0,0,0,0,0,0,0,0,4,4,0,3
56,2022,1,21,male,SK,IT,0,4,5,3,1,4,4,4,2,1,3,2,5,5,5,3,5,3,4,3,3,2,4,5,5,5,5,3,4,2,2,2,5,5,5,0,0,0,5,0,0,0,0,0,0,0,0,5,5,3,3
57,2022,3,23,female,SK,other,0,5,5,5,5,5,5,5,5,5,3,4,4,4,4,4,4,5,5,5,4,3,4,5,4,2,2,2,2,2,2,2,2,3,3,3,3,3,3,3,3,3,3,3,3,3,2,2,3,5,5
58,2022,1,20,male,SK,IT,0,5,5,5,5,5,5,5,5,5,3,4,3,4,4,3,3,4,5,4,4,5,4,4,3,3,3,4,3,2,1,2,2,2,4,4,3,3,3,3,3,2,3,1,4,1,3,3,4,5,5
59,2022,1,25,male,SK,IT,0,4,4,3,1,1,3,3,1,3,3,1,5,3,3,3,3,1,3,1,1,5,3,3,3,3,3,5,5,5,4,4,3,3,3,0,1,0,3,0,2,3,3,2,4,3,0,4,4,1,1
60,2022,5,23,male,SK,IT,70,5,5,4,1,3,4,4,3,3,3,4,5,2,4,3,2,2,4,5,4,3,3,5,5,5,1,3,3,3,2,1,2,1,1,2,1,1,1,1,1,1,5,1,2,1,1,1,4,4,4
61,2022,2,23,male,SK,IT,0,4,5,4,5,5,5,5,5,4,3,3,4,4,4,3,4,4,5,4,3,3,4,3,4,3,2,2,2,3,1,1,0,4,0,0,3,0,4,0,3,3,5,4,5,3,0,3,4,5,5
62,2022,5,23,male,SK,IT,30,5,5,5,5,4,4,4,4,4,4,4,5,5,5,5,4,5,5,5,5,3,5,5,5,5,5,2,2,3,2,2,4,4,4,2,4,4,5,4,4,4,4,4,5,2,4,4,4,5,5
63,2022,1,20,male,SK,IT,0,5,5,4,4,4,4,4,4,3,2,3,5,4,4,3,3,3,2,2,3,5,3,4,4,4,4,4,3,3,3,3,3,2,2,3,0,0,0,0,0,0,0,0,0,0,0,4,4,0,4
64,2022,1,20,male,SK,IT,0,5,5,5,5,5,5,5,5,4,4,4,5,5,5,3,4,3,4,5,4,5,4,4,4,4,3,2,2,2,2,1,5,4,4,0,4,0,0,0,3,4,5,4,5,4,3,3,4,5,5
65,2022,2,21,male,SK,education,1,4,4,3,1,5,4,3,3,2,2,1,5,3,4,3,2,1,3,4,3,4,4,5,2,1,1,3,5,3,4,3,0,0,0,0,0,0,0,0,0,0,0,0,0,0,0,0,0,0,0
66,2022,1,22,male,SK,IT,0,5,5,3,3,2,5,5,3,3,4,4,5,4,4,4,3,3,3,4,3,3,4,5,5,5,3,3,4,4,3,3,4,3,3,0,0,0,0,0,0,3,4,3,4,0,0,0,4,4,3
67,2022,3,21,male,SK,IT,26,5,4,1,1,3,4,4,3,3,4,4,3,4,4,3,4,3,3,4,4,3,4,4,4,4,4,3,3,3,2,2,4,3,2,4,4,3,4,4,0,4,4,4,4,3,0,4,0,4,4
68,2022,2,20,female,SK,education,26,4,4,4,1,4,4,4,3,3,2,3,3,3,3,3,2,3,3,3,3,3,3,3,3,2,3,3,3,3,3,3,0,2,3,2,2,2,2,3,2,3,4,3,3,3,3,2,3,3,3
69,2022,2,20,male,SK,IT,0,5,5,4,2,4,5,5,5,4,4,3,5,4,4,3,4,4,5,5,4,3,3,3,4,3,3,2,2,2,2,2,2,2,0,0,0,0,0,0,0,3,3,3,3,3,0,3,4,4,4
70,2022,4,22,male,SK,IT,5,5,5,5,5,5,5,5,5,5,5,5,5,5,5,3,3,3,3,5,5,3,5,5,3,5,5,1,5,5,1,1,4,4,4,1,4,3,5,1,4,2,4,3,3,1,4,5,5,5,5
71,2022,4,23,male,SK,IT,5,5,5,5,5,5,5,5,5,5,2,5,5,5,5,5,5,5,5,5,5,5,5,5,5,5,5,2,2,2,2,2,5,5,5,5,4,4,4,1,1,1,1,1,1,1,4,4,4,4,4
72,2022,4,24,male,SK,IT,30,5,5,5,2,3,4,4,4,4,4,5,5,5,5,5,4,4,4,4,4,4,4,5,4,4,3,4,4,3,3,1,3,2,4,4,4,5,4,4,2,3,4,4,4,4,3,3,4,4,4
73,2022,1,21,female,SK,education,0,4,4,4,4,2,4,4,4,4,4,4,4,4,4,4,4,4,4,4,4,4,4,4,4,4,4,2,4,2,2,2,4,2,4,2,2,2,2,2,2,4,4,4,4,4,2,2,2,2,2
74,2022,1,20,male,SK,IT,0,5,5,4,2,4,4,5,4,4,4,4,5,4,4,3,3,3,4,5,5,5,4,4,3,3,3,2,3,2,1,1,0,0,0,0,0,0,0,0,0,3,3,3,3,0,0,0,4,0,0
75,2022,4,25,female,SK,IT,70,5,5,3,3,4,5,5,5,5,4,2,5,5,5,5,1,4,4,4,4,2,4,5,5,5,5,2,3,3,1,1,4,4,4,4,4,4,5,4,4,0,4,3,4,2,5,5,4,3,3
76,2022,2,20,male,SK,education,0,4,4,2,2,3,5,4,3,3,3,3,4,4,4,3,3,4,5,4,3,5,4,3,3,3,3,3,4,3,3,3,4,3,2,3,3,3,4,4,3,4,4,2,5,2,0,2,3,4,4
77,2022,2,20,female,SK,IT,0,5,5,5,4,4,5,5,3,5,3,4,4,4,5,5,5,4,5,5,5,4,4,4,4,4,4,4,5,4,3,3,4,0,0,0,4,0,5,0,3,4,4,4,5,0,3,4,4,4,5
78,2022,1,22,male,SK,IT,0,5,5,4,4,4,5,5,5,5,3,4,5,4,4,3,4,4,5,5,5,4,4,4,4,4,4,1,1,1,1,1,4,4,5,0,4,0,4,0,3,3,4,4,4,0,0,4,4,0,3
79,2022,5,24,male,SK,IT,80,5,5,4,4,4,3,4,3,3,2,3,4,4,2,2,3,4,4,2,3,2,3,3,4,3,3,3,2,2,1,2,4,2,2,4,2,4,4,0,2,3,4,3,3,3,2,2,3,3,3
80,2022,4,23,male,SK,IT,82,4,4,2,4,4,4,4,4,3,4,4,4,3,4,4,3,4,4,4,4,3,4,4,3,3,3,4,4,4,2,1,4,2,2,3,3,3,4,4,3,2,3,2,3,2,3,4,4,5,5
81,2022,1,21,male,SK,IT education,0,4,4,4,4,4,4,4,4,4,4,4,3,4,5,3,3,3,4,4,4,4,4,3,3,4,3,2,3,2,2,2,4,2,4,5,5,4,4,3,4,0,0,0,0,0,0,0,0,0,0
82,2022,2,20,male,SK,IT,0,5,5,3,1,4,4,3,3,5,2,3,4,3,5,4,3,3,5,5,4,4,4,5,5,5,5,2,3,2,2,2,3,4,5,0,3,4,3,5,4,4,0,4,5,2,3,4,4,4,4
83,2022,5,46,male,SK,IT,40,5,5,5,5,5,5,5,5,5,3,5,5,5,4,4,4,5,4,3,4,4,5,4,4,4,4,3,3,2,2,2,4,2,4,4,4,4,4,4,4,4,4,4,4,4,4,4,4,4,4
84,2022,1,22,male,SK,IT,0,5,5,2,4,3,4,5,1,5,1,5,4,5,5,3,4,5,1,1,1,1,5,5,4,1,4,5,4,1,4,2,5,5,1,3,1,3,5,3,0,3,3,3,3,3,3,5,4,1,4
85,2022,1,21,male,SK,IT,0,5,5,5,3,2,4,5,2,4,5,5,4,3,3,2,2,4,3,5,5,5,3,3,4,3,3,2,2,2,3,1,0,0,0,0,0,0,0,0,0,0,0,0,0,0,0,2,4,2,4
86,2022,4,22,male,SK,IT,40,4,4,3,3,4,4,3,3,3,3,3,4,4,4,3,4,2,4,4,4,4,4,4,4,4,3,2,2,3,2,2,0,3,0,4,4,4,4,4,3,3,3,3,4,3,4,3,3,3,4
87,2022,5,23,male,SK,IT,60,5,5,3,4,3,3,3,3,3,3,3,3,3,3,3,3,3,3,3,3,3,3,3,3,3,3,3,3,3,3,3,5,4,4,3,3,3,4,1,1,0,0,0,0,3,1,1,3,4,3
88,2022,2,20,male,SK,education,0,3,3,3,3,3,3,3,3,3,3,3,3,3,3,3,3,3,3,3,3,3,3,3,3,3,3,3,3,3,3,3,0,0,0,0,0,0,0,0,0,0,0,0,0,0,0,0,0,4,3
89,2022,1,20,male,SK,IT,0,3,4,4,2,4,4,4,4,4,3,3,5,3,3,3,3,3,4,4,4,4,4,4,4,3,3,2,3,3,3,3,0,0,0,0,0,0,0,0,0,0,0,0,0,0,0,0,0,0,0
90,2022,2,20,female,SK,education,0,5,3,4,4,3,4,4,4,4,4,4,4,4,5,5,3,4,4,4,4,4,3,4,4,4,4,3,3,3,3,2,3,0,0,0,0,0,4,0,3,0,4,4,4,4,4,4,4,4,4
91,2022,3,23,male,SK,IT,1,5,5,5,1,4,5,5,5,5,3,4,5,3,3,2,2,2,3,4,3,4,3,4,4,2,2,1,1,3,2,1,2,2,2,2,4,3,3,2,2,0,5,2,4,3,2,2,3,4,4
92,2022,2,22,male,SK,IT,0,5,5,5,1,5,5,5,5,5,3,5,5,5,5,5,5,5,5,5,5,4,4,5,5,5,5,2,2,1,2,1,4,2,5,4,3,5,5,5,0,4,5,4,5,4,4,4,4,3,4
93,2022,1,21,male,SK,IT,0,4,4,4,2,4,4,4,4,4,3,4,3,3,3,3,3,3,4,4,4,3,3,3,3,4,3,3,3,3,3,3,3,3,3,3,0,0,0,0,0,2,3,2,3,0,0,0,3,0,0
94,2022,1,21,male,SK,IT,1,5,4,4,5,4,5,5,5,5,4,4,5,5,4,4,5,4,4,5,5,5,4,4,5,4,5,4,5,4,4,5,5,5,4,4,5,4,4,5,4,4,4,4,4,4,4,4,5,4,5
95,2022,2,21,female,SK,education,4,4,4,4,4,3,4,4,4,4,4,4,4,4,3,3,3,4,4,4,3,4,4,4,3,4,3,3,3,2,2,2,4,3,3,3,3,0,4,4,3,3,4,3,4,3,3,3,4,4,4
96,2022,1,19,male,SK,IT,0,4,4,4,5,3,3,4,4,4,3,4,5,3,3,3,3,3,4,4,4,4,4,4,4,4,3,2,2,2,3,2,0,0,0,0,3,3,3,3,3,3,3,3,3,3,0,0,0,0,0
97,2022,1,20,female,SK,IT education,0,4,4,4,5,4,4,4,3,4,2,4,4,3,4,4,4,4,3,4,3,4,3,4,3,3,3,2,4,2,2,3,4,0,3,0,2,0,4,0,0,4,4,2,4,2,3,0,4,4,4
98,2022,2,21,female,SK,education,0,3,4,4,4,4,3,4,4,4,3,4,4,4,4,4,3,3,4,4,4,4,4,3,4,4,2,4,3,3,3,3,0,2,0,0,4,0,4,0,0,0,0,0,0,0,0,0,0,0,0
99,2022,5,26,male,SK,IT,100,5,5,5,5,5,5,5,5,4,4,4,5,5,4,4,4,4,4,4,4,5,5,5,5,5,5,3,2,2,2,2,5,4,5,5,5,5,5,5,4,5,5,5,5,5,4,4,5,5,5
100,2022,3,23,male,SK,IT,40,4,4,2,5,4,4,4,4,4,2,4,4,3,3,3,3,4,3,4,3,4,3,3,2,2,2,3,3,2,3,2,4,2,3,2,2,2,2,3,2,2,4,3,4,2,3,3,4,3,4
101,2022,3,19,female,SK,IT,50,2,4,4,4,3,4,4,3,4,4,4,3,4,3,3,2,2,4,3,4,4,4,2,4,2,2,2,2,2,2,2,0,2,2,2,3,2,4,4,3,4,4,4,4,2,2,2,4,4,3
102,2022,2,21,female,SK,STEM education,0,4,4,4,2,2,4,4,2,2,2,3,3,4,4,3,1,4,4,3,3,3,3,4,2,3,4,4,4,3,4,3,2,3,2,3,2,3,3,3,3,3,3,3,3,3,4,2,2,1,3
103,2022,1,20,male,SK,IT,0,5,5,2,3,4,4,5,5,4,2,2,5,5,5,5,4,5,5,4,4,4,5,5,5,5,5,4,2,2,2,3,4,5,5,5,3,3,4,4,5,3,5,5,4,3,3,4,4,4,4
104,2022,2,20,female,SK,STEM education,2,4,4,4,3,3,4,4,3,3,4,3,4,4,4,4,4,4,4,5,4,4,4,4,4,5,3,3,3,3,3,1,4,3,4,3,3,3,4,3,3,3,3,3,3,3,3,3,3,3,4
105,2022,1,19,male,SK,IT,0,5,5,3,4,5,4,5,5,4,5,3,5,4,4,3,3,3,5,5,3,4,3,3,3,3,2,2,4,1,1,1,4,0,0,0,3,0,4,0,3,0,0,0,0,0,0,4,4,3,3
106,2022,3,21,male,SK,IT,15,4,4,4,4,4,5,5,4,4,3,4,4,4,3,3,4,4,4,4,4,5,4,4,3,3,3,2,3,2,2,3,3,3,3,4,0,3,4,4,3,4,4,3,4,3,0,0,4,4,5
107,2022,1,19,male,SK,IT,0,5,5,5,3,2,4,4,5,4,4,4,4,4,4,5,3,5,2,2,4,4,4,4,4,4,3,3,3,3,3,3,5,0,4,0,4,0,5,0,0,0,0,0,4,0,0,0,4,5,5
108,2022,2,19,female,SK,education,2,4,4,3,5,3,4,3,5,4,3,4,3,4,4,4,4,4,3,4,3,3,3,4,3,3,4,2,2,2,2,2,0,0,0,3,3,3,4,3,0,0,0,0,0,0,3,4,5,5,5
109,2022,2,24,female,SK,education,0,1,5,3,1,3,5,5,2,2,5,3,4,4,4,2,4,4,5,5,5,4,5,4,3,4,3,2,1,1,1,1,4,3,4,0,0,0,4,0,0,0,0,0,0,0,0,0,4,0,0
110,2022,2,20,female,SK,education,0,3,4,2,2,4,4,4,2,3,2,2,4,3,3,3,2,3,4,3,4,4,3,3,3,1,2,4,4,4,5,5,0,1,2,2,2,2,3,3,3,0,0,0,0,0,0,0,0,0,0
111,2022,2,20,female,SK,education,0,4,4,5,4,3,4,4,4,3,3,4,3,4,4,4,3,4,4,4,4,4,4,4,3,3,3,3,2,2,2,2,2,2,2,0,4,4,4,4,2,4,4,4,4,4,3,3,3,4,4
112,2022,4,23,male,SK,IT,12,4,5,4,1,3,5,4,3,3,4,4,5,5,5,4,3,3,5,5,4,3,4,3,3,4,4,2,3,1,2,1,5,4,4,3,4,3,5,4,3,4,5,4,5,4,3,3,5,3,3
113,2022,1,19,female,SK,IT,0,5,5,4,1,3,4,4,3,3,3,4,5,4,4,3,3,3,4,4,4,5,3,4,4,3,3,3,4,3,2,3,0,0,0,0,0,0,0,0,0,0,0,0,0,0,0,3,3,4,4
114,2022,1,19,male,SK,IT,0,5,5,5,3,4,4,4,4,4,3,4,5,4,4,4,4,4,5,5,5,4,4,5,4,4,4,3,3,2,2,2,0,0,0,0,0,0,0,0,0,4,4,4,4,4,4,4,4,4,4
115,2022,2,20,female,SK,STEM education,0,4,4,4,3,4,4,4,4,4,5,2,5,3,4,4,2,4,4,2,2,2,4,4,4,2,3,4,4,2,4,4,0,0,0,0,0,0,0,0,0,0,0,0,0,0,0,3,4,3,2
116,2022,3,22,male,SK,IT,100,5,5,5,5,2,5,5,5,5,4,3,5,5,5,5,4,4,5,5,5,4,4,5,5,5,4,2,2,1,2,1,5,3,5,4,5,4,5,4,4,3,5,5,4,3,5,5,4,5,5
117,2022,3,22,male,SK,IT,15,5,5,4,3,4,5,5,5,5,4,5,4,4,4,4,4,4,4,2,4,4,4,4,4,4,4,4,3,2,2,1,3,2,4,3,3,4,4,3,2,5,4,4,4,4,4,3,3,3,4
118,2022,4,23,male,SK,IT,52,5,5,4,2,4,5,4,4,3,4,4,5,4,4,3,4,4,4,4,3,3,4,4,4,3,4,3,3,4,4,4,4,3,4,5,5,4,5,5,3,1,4,2,3,1,4,4,5,4,4
119,2022,2,20,female,SK,education,0,4,4,5,5,2,4,4,4,5,2,3,4,4,4,5,3,4,4,3,4,4,4,3,3,1,2,3,3,2,2,1,4,0,0,0,4,0,4,0,2,0,0,0,0,0,0,0,3,5,4
120,2022,2,24,male,SK,IT,0,5,5,5,5,5,5,5,5,5,5,5,5,5,5,5,5,5,5,5,5,5,5,5,5,5,5,3,3,3,3,3,5,5,5,0,5,0,5,0,5,4,4,4,4,4,5,5,5,5,5
121,2022,2,22,male,SK,education,0,5,5,5,5,3,4,4,5,4,3,4,2,4,4,5,4,4,2,2,4,5,4,3,4,2,4,2,3,1,2,2,0,0,0,0,0,0,4,0,0,0,0,0,0,0,0,3,4,4,4
122,2022,3,22,male,SK,IT,30,5,5,3,5,3,5,4,3,3,2,4,4,4,5,5,4,4,4,3,5,4,3,4,3,4,3,3,5,4,2,3,4,3,3,4,3,4,4,3,0,4,4,0,4,3,3,4,5,3,5
123,2022,2,29,male,SK,IT,0,5,5,5,5,4,5,5,4,4,3,2,5,5,5,5,5,5,2,4,4,3,3,5,5,5,5,4,4,2,4,4,4,3,0,0,3,0,4,0,0,0,4,3,4,2,4,4,4,4,4
124,2022,3,21,male,SK,IT,100,5,5,5,5,4,5,5,5,4,3,4,5,5,5,5,4,5,4,4,4,2,4,4,4,4,4,2,2,1,1,1,3,4,4,4,4,4,4,4,4,4,4,4,4,4,4,4,5,4,4
125,2022,3,21,female,SK,other,0,3,4,3,4,4,4,4,3,3,3,3,4,4,3,4,2,3,3,2,3,3,3,4,3,2,2,4,4,4,5,5,0,0,0,0,0,0,4,0,0,0,0,0,0,0,0,0,4,4,4
126,2022,1,42,male,SK,IT,0,5,5,5,3,5,5,5,5,5,5,4,5,5,5,3,3,3,5,5,5,3,4,5,4,5,4,2,2,1,1,1,0,0,0,0,0,0,0,0,0,4,4,4,4,0,4,4,4,5,5
127,2022,1,44,female,SK,education,0,5,5,3,1,3,4,4,4,3,3,3,4,4,3,3,4,3,4,4,4,4,4,3,3,3,3,3,3,3,3,3,0,0,0,0,0,0,0,0,0,0,0,0,0,0,0,0,0,0,0
128,2022,1,21,male,SK,IT,0,5,5,4,4,3,5,5,4,4,4,4,5,5,5,5,3,5,4,5,5,4,5,5,5,5,5,3,3,2,1,2,4,4,5,0,5,0,4,0,4,4,5,3,5,0,0,5,5,5,5
129,2022,4,23,male,SK,IT,1,5,5,3,4,5,5,3,3,3,3,3,2,4,4,3,3,3,4,4,4,3,4,4,3,3,2,3,4,2,1,2,4,4,5,2,3,0,4,3,3,2,4,3,4,3,3,3,4,4,4
130,2022,2,20,female,SK,education,0,4,4,3,3,3,4,4,4,4,3,3,4,2,4,4,2,2,2,2,3,4,3,4,3,3,3,2,2,2,2,2,0,0,0,0,0,0,0,0,0,0,0,0,0,0,0,0,0,0,0
131,2022,3,21,male,SK,IT,2,5,5,4,1,1,4,3,1,3,3,4,3,3,4,1,3,3,4,4,3,3,4,3,1,1,1,3,3,3,1,2,0,1,4,4,3,4,3,5,0,4,4,3,4,2,1,1,4,1,1
132,2022,2,23,male,SK,IT,0,5,5,5,5,4,5,5,3,3,3,4,5,4,5,3,3,4,5,5,5,5,5,4,3,3,3,5,5,3,5,3,3,3,3,0,3,3,3,3,3,3,5,4,4,0,0,3,3,3,4
133,2022,2,20,male,SK,IT,0,5,5,4,1,2,5,5,4,4,2,2,5,2,2,2,3,4,5,5,3,5,3,2,2,2,2,2,2,2,2,2,3,2,2,3,3,3,3,3,2,3,3,3,3,3,2,2,4,4,4
134,2022,2,23,female,SK,education,0,4,5,4,2,4,4,3,4,3,5,3,4,2,2,4,2,4,4,4,3,4,3,4,4,2,1,4,4,4,3,2,2,2,2,0,3,0,4,0,0,0,0,2,2,0,2,2,0,0,3
135,2022,3,20,male,SK,education,100,4,4,3,2,4,4,4,4,4,4,4,4,4,4,4,4,4,4,4,4,4,4,4,4,4,4,2,2,2,2,2,4,4,4,4,4,4,4,4,4,4,4,4,4,4,4,4,4,4,4
136,2022,2,20,male,SK,other,100,2,4,4,2,4,2,4,3,3,2,2,4,4,4,4,3,3,3,3,3,4,3,4,3,3,3,4,4,2,3,2,3,4,4,3,4,4,4,0,0,0,4,4,4,4,0,0,0,0,0
137,2022,1,19,male,SK,IT,0,5,4,4,2,3,4,3,2,3,4,5,5,3,3,3,3,3,3,5,3,3,3,4,4,4,4,2,3,3,3,3,0,0,0,0,0,0,0,0,0,0,0,0,0,0,0,0,0,0,0
138,2022,2,20,female,SK,education,26,5,5,5,5,4,5,5,5,4,2,4,4,4,4,4,4,5,5,5,5,5,5,5,2,2,3,1,1,2,2,2,4,4,3,3,4,5,0,5,4,4,5,4,0,4,4,5,5,0,5
139,2022,2,21,female,SK,education,0,4,4,3,4,4,4,3,4,3,3,3,4,4,4,3,3,3,4,4,3,4,5,4,5,2,2,3,4,2,2,2,0,0,0,0,0,0,0,0,0,0,0,0,0,0,0,0,0,0,0
140,2022,1,21,male,SK,IT,0,5,5,4,5,3,5,5,5,3,3,3,4,4,5,4,4,4,4,4,4,3,4,4,4,4,5,2,3,2,2,3,4,0,0,0,0,0,0,0,0,4,4,3,4,0,4,3,4,5,4
141,2022,4,22,male,SK,IT,100,5,5,4,1,5,5,5,5,5,5,3,5,5,5,3,5,4,5,5,3,5,3,5,5,4,4,3,3,1,2,2,4,3,5,4,5,4,5,5,4,4,5,4,4,3,4,4,3,3,4
142,2022,3,22,male,SK,IT,0,3,3,3,3,4,4,4,3,3,3,4,3,5,5,5,5,5,5,5,5,5,5,5,3,3,5,3,3,3,3,3,3,3,3,3,3,3,5,3,3,3,5,5,5,3,3,3,5,5,5
143,2022,4,23,male,SK,IT,2,5,5,5,2,3,5,5,4,4,3,4,4,4,5,3,3,4,4,5,4,4,4,5,3,3,3,1,4,1,1,1,2,2,3,3,3,3,3,4,3,2,4,3,4,3,3,2,3,5,4
144,2022,2,21,female,SK,education,0,5,5,5,5,5,5,5,5,5,3,4,5,5,5,5,4,5,5,5,5,5,5,5,5,5,5,2,2,2,2,2,4,4,3,4,4,4,4,4,4,4,4,4,4,4,4,4,4,4,4
145,2022,2,21,female,SK,education,0,4,4,4,2,3,3,4,3,4,4,4,4,4,4,4,3,4,4,4,4,4,4,4,4,3,3,2,3,2,1,1,3,3,3,4,4,3,5,5,3,5,4,4,4,4,3,4,4,4,4
146,2022,3,25,male,SK,IT,100,5,5,3,1,4,5,4,3,4,2,4,5,4,4,3,2,3,4,4,4,3,3,3,3,2,2,1,1,1,1,1,0,0,0,3,2,4,2,2,2,3,3,3,3,3,2,3,4,3,4
147,2022,2,21,male,SK,IT,0,5,5,4,1,5,4,3,3,3,4,4,4,2,4,3,3,3,4,5,5,5,4,5,5,5,3,3,4,2,2,1,4,2,5,0,0,0,5,0,0,4,4,4,4,0,0,4,4,4,4
148,2022,2,21,male,SK,IT,0,5,5,5,2,4,4,4,4,2,5,2,5,4,5,4,3,2,5,4,5,5,4,5,5,5,4,4,2,1,1,1,5,0,5,0,5,0,5,0,3,0,5,5,5,0,0,5,5,4,4
149,2022,3,24,male,SK,IT,2,5,5,5,3,4,4,5,4,4,4,4,5,5,5,5,5,5,5,4,4,4,4,5,5,4,5,3,2,2,3,2,4,4,5,5,4,4,5,4,4,4,4,4,4,4,4,3,4,4,5
150,2022,1,19,male,SK,IT,0,5,4,3,1,4,5,5,3,4,3,4,5,5,5,4,5,4,4,5,5,5,4,5,4,4,5,3,4,3,1,3,5,0,5,0,0,0,0,0,0,0,0,0,0,0,3,4,4,5,4
151,2022,2,22,female,SK,education,2,4,4,3,3,3,4,4,3,4,3,2,4,3,4,3,3,4,4,2,4,4,3,4,2,2,3,2,3,2,2,2,4,4,3,0,3,4,3,4,3,4,4,0,4,4,3,4,4,4,4
152,2022,2,21,male,SK,IT,0,5,5,5,5,4,5,5,5,5,2,4,2,5,5,4,4,5,5,5,5,4,4,4,4,4,4,2,2,2,2,2,5,2,4,2,4,4,4,2,3,3,2,4,4,2,4,3,4,4,4
153,2022,1,20,male,SK,IT,0,4,4,4,2,4,4,4,2,2,3,1,4,3,3,3,3,3,4,4,4,3,2,4,4,3,4,2,2,2,2,1,0,0,0,0,0,0,0,0,0,0,0,0,0,0,0,0,0,0,0
154,2022,2,20,female,SK,education,0,4,4,3,2,4,4,4,2,4,3,3,4,3,3,4,3,3,4,4,5,3,3,4,3,2,3,3,3,2,3,4,4,0,0,0,0,0,0,0,0,0,0,0,0,0,0,0,0,0,0
155,2022,1,19,male,SK,IT,0,4,4,4,2,3,4,3,4,4,3,4,2,4,4,3,4,3,4,4,3,3,3,4,4,3,4,3,4,3,3,3,3,4,3,4,3,3,4,3,3,3,4,3,3,3,3,3,3,3,3
156,2022,4,23,male,SK,IT,52,5,5,5,1,3,5,5,5,5,5,5,5,5,5,5,1,1,5,5,5,3,5,5,3,3,5,1,4,1,2,1,5,0,5,3,4,3,5,1,0,0,4,0,4,0,3,5,5,0,5
157,2022,1,26,male,SK,IT,12,4,3,3,1,3,3,2,2,3,2,1,4,4,4,4,3,3,3,2,2,4,3,4,4,4,4,5,4,4,4,3,4,3,4,3,3,5,4,4,3,3,4,4,4,4,3,3,2,2,3
158,2022,3,21,female,SK,other,0,4,4,3,5,3,4,4,4,4,3,2,4,2,3,3,3,4,4,3,3,3,3,3,4,2,2,4,4,4,4,4,0,0,0,0,0,0,0,0,0,0,0,0,0,0,0,0,0,0,0
159,2022,4,25,male,SK,IT,50,5,5,5,5,5,5,5,4,4,5,4,5,4,5,5,2,4,4,5,5,4,4,5,4,4,4,4,4,1,4,2,4,2,4,2,4,3,4,2,3,3,4,2,4,2,4,4,4,4,5
160,2022,1,22,female,SK,other,0,4,4,2,2,4,4,5,2,3,4,3,4,4,2,2,2,3,5,4,4,5,4,4,4,2,2,2,4,2,3,2,0,2,4,0,4,0,5,0,0,3,4,4,5,2,2,5,4,0,2
161,2022,2,21,female,SK,education,0,4,4,4,3,3,4,4,4,3,3,3,3,3,4,2,3,4,3,4,2,4,4,4,3,3,3,2,2,2,3,2,4,0,4,0,0,0,4,3,3,2,4,1,2,1,3,4,4,4,4
162,2022,4,22,male,SK,IT,30,5,5,5,5,5,5,5,5,5,3,4,4,5,5,4,4,4,5,5,5,3,3,5,4,4,4,4,4,3,3,2,4,4,4,3,4,3,4,3,4,4,4,3,4,4,4,4,5,4,4
163,2022,2,22,male,SK,IT,0,3,5,4,5,5,5,5,5,5,5,5,5,5,5,5,3,5,5,5,5,5,5,5,5,5,5,3,4,2,2,1,4,0,4,0,4,0,4,0,0,4,5,4,4,0,4,4,3,5,5
164,2022,1,22,female,SK,IT education,0,5,5,5,4,5,4,4,3,3,4,2,4,5,5,5,2,5,5,3,5,3,5,5,5,5,5,3,1,1,1,1,4,0,0,0,4,0,5,0,0,0,5,5,4,0,5,5,5,5,4
165,2022,3,22,female,SK,other,0,4,4,4,3,4,4,5,3,4,3,4,5,2,4,4,3,2,4,3,4,5,3,4,3,2,2,2,4,2,4,4,0,0,0,0,0,0,0,0,0,0,0,0,0,0,0,0,4,0,4
166,2022,4,25,male,SK,IT,30,5,5,5,5,5,5,5,5,3,3,4,4,3,4,5,1,3,2,5,5,4,3,3,3,3,3,1,2,1,2,1,4,3,3,4,3,3,3,2,3,2,3,3,4,3,4,3,3,2,3
167,2022,2,21,male,SK,IT,0,5,5,5,1,5,5,5,5,4,3,5,5,5,5,5,5,5,5,5,4,4,4,5,5,5,5,2,3,1,2,1,5,3,5,2,0,0,5,0,2,4,4,4,5,4,4,4,4,3,4
168,2022,2,21,male,SK,education,0,4,4,3,2,4,4,4,4,4,2,3,2,4,3,2,3,4,2,2,3,4,4,4,2,2,3,2,2,2,2,2,2,4,4,4,4,4,4,4,3,4,4,4,4,4,3,4,4,4,2
169,2022,4,23,male,SK,IT,20,5,5,5,4,3,4,5,5,5,3,4,5,4,4,4,3,4,3,3,4,5,4,3,2,3,4,3,3,3,2,2,4,3,4,2,3,4,4,2,4,3,4,3,3,3,4,3,3,5,5
170,2022,1,23,male,SK,IT,1,4,4,4,2,4,2,4,4,4,4,3,5,4,4,3,3,2,5,4,3,3,3,4,4,3,3,3,4,3,2,2,5,3,4,4,3,4,4,4,3,3,4,3,4,2,3,3,4,4,4
171,2022,4,23,female,SK,IT,2,4,4,4,4,4,4,4,3,4,4,3,5,4,5,4,5,4,3,3,3,3,3,3,3,4,1,3,5,4,4,4,0,2,4,4,4,4,5,4,3,0,0,0,4,0,2,3,4,2,2
172,2022,4,24,male,SK,IT,30,5,4,3,4,4,4,3,3,3,2,3,4,4,5,4,3,4,1,2,3,4,2,4,3,2,3,3,3,1,3,2,4,3,3,3,3,4,4,3,2,3,4,4,4,2,4,3,3,4,4
173,2022,2,22,female,SK,education,0,4,4,3,2,4,4,2,3,3,2,2,3,4,3,1,3,2,4,3,4,4,3,2,2,2,2,4,4,3,3,2,3,3,3,3,3,3,3,3,3,3,3,3,3,3,3,3,3,3,3
174,2022,2,22,female,SK,education,0,5,5,2,1,5,1,4,1,1,1,2,4,5,3,2,3,1,1,1,1,2,4,2,3,2,1,2,2,1,4,3,0,0,0,0,0,0,0,0,0,0,0,0,0,0,0,0,0,0,0
175,2022,2,22,male,SK,IT,0,4,4,3,5,3,4,3,3,3,2,3,4,5,4,3,3,4,5,4,4,4,3,4,4,4,3,3,4,1,3,3,3,4,4,0,3,0,4,0,0,0,3,3,0,0,0,0,5,4,3
176,2022,2,23,female,SK,education,1,3,2,3,2,4,2,2,2,2,3,1,2,2,1,2,2,2,2,3,2,3,2,2,2,2,2,4,4,4,4,5,3,3,3,4,2,2,1,0,0,0,0,0,0,0,2,3,3,3,2
177,2022,2,21,female,SK,STEM education,0,2,4,2,4,2,4,5,3,2,2,3,5,3,4,3,2,3,4,3,4,2,2,4,3,3,2,3,3,3,2,2,3,2,2,0,0,0,0,0,0,0,0,0,0,0,0,0,0,0,0
178,2022,5,24,male,SK,IT,100,5,5,5,4,5,5,5,5,5,4,5,5,5,5,5,4,4,5,5,5,5,5,4,5,5,4,2,3,1,1,1,3,4,5,3,4,4,4,3,3,4,4,4,4,3,4,5,5,5,5
179,2022,3,22,male,SK,IT,0,5,5,3,4,4,4,5,3,2,4,4,5,3,4,3,4,2,5,4,4,3,4,3,3,2,3,2,2,1,1,1,4,2,4,4,3,4,4,4,3,3,4,4,3,2,3,0,4,4,4
180,2022,3,22,female,SK,IT,12,4,4,3,2,3,4,4,3,4,2,2,4,4,4,3,3,4,4,4,4,4,4,4,3,3,3,3,2,2,2,2,4,0,0,0,3,0,4,4,3,3,4,4,4,3,3,0,3,4,4
181,2022,2,20,other,SK,education,3,5,5,5,5,3,4,4,4,3,4,3,4,4,4,5,3,4,3,4,4,3,4,4,4,3,3,3,3,2,2,3,3,4,3,3,3,3,4,3,3,4,4,3,4,3,4,2,4,4,3
182,2022,1,24,male,SK,IT,150,4,4,4,4,4,5,4,4,4,5,4,5,5,5,5,5,4,4,5,4,4,5,5,5,5,5,2,3,2,5,4,5,5,3,5,4,4,5,5,4,3,4,3,5,3,5,5,5,5,5
183,2022,3,21,male,SK,IT,20,5,5,3,2,4,4,4,3,2,4,3,4,4,5,4,4,3,5,4,4,3,5,5,4,2,3,5,5,3,3,2,3,2,2,3,1,0,3,2,2,1,3,1,2,1,3,2,5,4,5
184,2022,1,19,male,SK,IT,20,5,5,4,3,1,4,5,5,4,2,3,4,4,4,4,3,3,4,4,3,3,3,4,5,5,4,4,3,2,3,4,4,0,0,0,0,0,0,0,0,4,4,3,5,2,4,5,4,5,5
185,2022,2,20,male,SK,IT,0,5,5,3,5,5,5,5,2,5,5,3,4,3,5,3,3,4,5,5,4,1,3,4,5,4,5,1,1,1,3,1,4,3,4,4,4,4,5,4,3,5,5,4,4,4,5,4,4,0,0
186,2022,2,20,male,SK,IT,0,5,5,5,3,5,5,5,4,3,4,4,5,4,4,4,3,4,4,4,3,3,3,4,3,5,4,2,3,1,1,1,0,0,0,0,0,0,4,0,0,3,4,3,3,0,0,4,3,0,0
187,2022,3,22,male,SK,IT,100,5,5,2,1,3,4,4,3,4,5,4,5,5,4,2,3,2,5,4,4,3,3,4,5,4,3,2,4,3,3,1,4,4,3,5,3,5,4,4,3,4,4,4,4,3,0,2,5,2,2
188,2022,5,24,male,SK,IT,50,4,3,3,4,4,3,4,3,3,3,2,2,3,2,2,2,2,4,2,4,3,3,3,2,2,2,3,3,2,3,3,2,2,2,2,2,0,2,3,3,2,2,1,2,1,1,3,3,3,3
189,2022,2,18,female,SK,education,1000,4,3,4,5,3,3,3,4,4,2,2,3,3,4,3,3,4,5,4,4,4,3,4,4,3,3,3,3,4,5,4,3,0,0,0,2,0,3,2,3,2,0,0,0,3,2,3,3,4,3
190,2022,2,31,male,SK,IT,0,4,5,4,4,4,5,4,4,5,5,4,5,5,5,4,3,4,1,2,4,4,3,4,5,5,4,4,5,5,5,5,4,0,0,0,3,0,5,0,3,0,0,0,4,0,3,4,4,4,4
191,2022,3,29,male,SK,other,0,5,5,5,2,5,5,5,4,5,3,4,4,4,5,5,3,4,3,4,5,2,4,4,5,3,3,4,3,2,3,2,0,0,0,0,0,0,0,0,0,0,0,0,0,0,0,0,0,0,0
192,2022,1,20,female,SK,IT,0,4,4,4,1,3,5,4,4,4,3,4,4,4,4,5,3,4,4,4,3,3,4,4,4,3,3,2,4,4,4,4,0,0,0,0,0,0,0,0,0,0,0,0,0,0,0,0,0,0,0
193,2022,3,23,male,SK,education,0,4,4,4,4,4,4,4,4,4,3,4,5,4,5,5,4,4,2,2,4,4,4,5,5,5,3,4,2,2,2,2,4,0,3,0,0,0,4,0,0,0,0,0,0,0,0,0,0,4,3
194,2022,2,21,female,SK,education,0,4,4,4,4,3,4,4,4,3,3,4,2,3,4,4,3,4,4,4,2,3,4,4,4,2,2,4,4,3,2,2,4,2,2,0,0,0,0,0,0,2,0,0,0,0,0,0,4,4,4
195,2022,2,21,male,SK,education,0,4,5,3,2,4,5,5,3,3,4,2,5,4,4,2,2,3,2,2,3,3,3,3,2,1,2,4,3,2,4,5,0,0,0,0,1,0,1,0,1,0,0,0,0,0,1,2,3,2,2
196,2022,2,20,female,SK,education,0,5,5,5,5,5,5,5,4,4,3,3,2,4,4,4,3,4,4,4,4,4,3,4,4,3,3,3,3,1,1,1,3,3,3,3,3,3,4,3,3,3,3,3,3,3,4,3,4,4,4
197,2022,1,19,female,SK,IT,0,4,4,5,2,3,4,3,4,3,4,2,5,4,4,5,4,3,4,3,3,4,3,4,4,4,3,3,3,2,2,2,5,4,5,3,0,4,0,3,3,3,4,4,3,3,0,4,4,4,3
198,2022,2,20,female,SK,education,0,5,5,3,1,3,4,5,3,3,1,2,3,4,4,4,2,2,3,3,4,4,3,2,4,1,1,4,4,2,4,5,1,1,1,0,0,0,0,0,0,0,0,0,0,0,0,1,0,0,2
199,2022,2,20,female,SK,education,0,3,3,3,4,2,2,4,2,2,2,4,4,2,4,4,1,2,3,4,4,4,2,4,4,2,4,4,2,1,3,2,4,4,2,2,2,2,4,2,2,2,4,4,4,2,2,2,2,4,3
200,2022,3,22,female,SK,IT,10,4,4,4,1,2,4,4,2,5,2,2,5,4,4,2,1,2,5,5,2,4,5,3,5,5,5,4,4,2,1,2,1,3,3,5,1,4,5,4,3,1,4,1,4,1,0,0,4,4,4
201,2022,2,39,male,SK,IT,0,5,5,4,3,4,5,5,4,3,5,4,5,5,5,4,3,4,5,5,4,5,5,4,5,4,4,2,3,1,1,1,3,2,4,3,4,0,0,0,0,5,5,4,5,4,4,4,5,4,5
202,2022,5,23,male,SK,IT,100,5,5,5,5,5,4,5,4,5,4,3,4,5,5,4,4,4,5,3,3,3,4,4,4,4,4,3,2,1,1,1,5,5,5,4,5,5,5,5,5,5,5,4,5,4,5,5,5,5,5
203,2022,5,23,male,SK,IT,70,1,1,1,1,1,4,4,4,3,3,4,5,5,5,5,4,4,4,4,4,4,4,4,4,4,5,3,4,3,3,3,4,5,4,4,4,5,5,5,5,5,4,4,4,3,4,4,5,5,5
204,2022,1,19,male,SK,IT,0,5,5,5,5,5,5,5,5,5,5,5,5,5,5,5,5,5,5,5,5,5,5,5,5,5,5,1,3,1,1,1,4,4,3,3,5,4,4,3,3,4,5,4,5,3,4,4,4,4,4
205,2022,2,20,female,SK,education,0,4,4,4,2,4,3,3,3,4,2,3,3,2,1,2,1,3,3,3,3,3,3,1,1,1,1,3,3,3,4,3,1,1,1,2,0,0,0,0,0,0,0,0,0,0,0,0,0,0,0
206,2022,1,23,male,SK,IT,12,5,5,4,2,3,5,5,5,4,3,3,5,4,4,3,4,3,5,5,4,3,4,3,3,4,3,2,2,1,1,1,3,2,2,4,3,0,4,4,4,3,4,2,3,2,3,4,5,3,3
207,2022,4,23,male,SK,IT,25,5,5,3,4,5,4,4,4,4,3,3,4,3,5,3,4,3,4,4,3,3,3,4,2,2,4,2,2,2,1,1,3,2,4,4,3,5,4,4,3,4,5,3,5,2,4,3,4,4,4
208,2022,3,22,male,SK,IT,25,5,5,4,3,3,4,4,3,4,5,5,4,3,4,4,3,4,3,5,4,3,3,4,4,5,3,2,3,1,1,1,4,4,4,3,3,4,4,4,3,3,4,4,4,2,4,5,5,4,4
209,2022,1,19,male,SK,IT,0,5,5,4,5,5,5,5,5,3,5,5,5,5,5,3,3,4,4,5,5,3,5,4,4,5,4,1,2,1,1,1,0,0,0,0,0,0,0,0,0,4,5,4,5,0,0,4,4,3,5
210,2022,4,22,male,SK,IT,1,4,4,4,4,4,4,5,4,4,3,5,4,5,4,4,4,4,5,5,4,4,4,4,4,5,5,5,3,2,3,2,4,4,4,4,4,4,4,4,5,3,1,3,5,5,4,4,4,4,4
211,2022,2,20,female,SK,education,0,4,4,3,4,3,3,4,4,4,2,4,4,3,2,4,3,4,4,2,3,3,4,3,4,2,2,3,2,1,2,1,4,3,4,0,4,0,5,0,3,0,5,0,3,1,0,3,4,3,4
212,2022,1,22,male,SK,IT,20,5,5,5,5,5,4,5,5,5,3,4,5,4,4,3,4,3,4,4,3,2,4,5,5,4,3,1,2,1,1,1,1,1,2,2,3,5,4,2,1,3,5,4,4,3,3,4,4,5,5
213,2022,1,19,male,SK,IT,0,5,5,5,5,3,5,5,5,4,3,4,5,4,4,3,4,4,4,4,4,4,4,3,4,5,3,3,3,2,2,1,3,1,4,0,3,0,4,0,0,2,3,1,4,0,0,3,4,5,4
214,2022,2,23,male,SK,IT,15,5,5,5,4,3,5,5,5,4,3,3,5,5,5,5,4,4,3,4,4,3,3,4,5,5,4,3,3,2,2,1,4,3,4,4,4,4,5,4,3,3,4,3,4,3,3,3,4,3,4
215,2022,1,19,male,SK,IT,0,4,5,4,5,2,4,5,4,3,2,3,5,5,5,4,5,5,4,4,4,3,5,5,4,5,5,1,3,1,2,2,4,4,0,0,0,0,5,0,0,5,5,4,4,0,4,4,4,4,5
216,2022,4,23,male,SK,IT,40,5,5,3,3,4,5,3,2,3,3,3,5,3,4,4,3,4,5,2,3,3,4,2,3,1,1,3,5,3,3,2,0,1,0,1,1,1,3,1,1,1,0,0,0,1,1,2,0,0,0
217,2022,1,20,male,SK,IT,78,5,5,1,5,4,5,5,4,5,4,4,4,4,4,4,4,4,4,4,5,5,5,5,4,3,3,1,1,1,1,1,2,2,3,3,2,3,3,3,1,2,4,3,3,3,3,2,2,3,4
218,2022,2,20,male,SK,IT,0,5,5,5,2,5,5,5,4,4,3,5,4,4,4,3,3,4,4,5,3,4,4,3,4,3,3,2,2,1,2,2,2,2,4,0,0,0,0,0,0,3,4,3,4,0,3,3,3,4,4
219,2022,1,20,male,SK,IT,0,4,4,4,3,3,4,4,3,3,3,4,4,3,4,4,3,4,4,4,3,5,5,4,5,3,3,3,2,2,4,3,3,2,3,0,0,0,0,0,0,3,5,3,4,0,0,3,3,3,3
220,2022,1,19,female,SK,IT education,1,4,4,3,2,3,4,4,4,3,4,3,2,5,5,4,4,4,2,4,4,5,4,4,4,4,4,3,4,3,2,2,0,4,0,3,0,3,4,0,0,3,4,0,4,3,0,0,0,4,4
221,2022,3,22,male,SK,IT,1,4,4,4,4,4,4,4,4,4,4,3,5,5,5,3,4,5,5,5,5,4,4,5,5,4,4,2,2,2,1,2,5,5,4,3,4,4,4,3,3,0,4,0,5,4,3,4,4,4,5
222,2022,3,21,male,SK,IT,10,4,4,4,4,4,4,4,4,4,3,4,4,4,4,2,4,4,4,2,4,2,4,4,5,4,4,2,2,2,2,2,4,3,5,4,4,4,4,4,4,2,4,2,4,2,4,2,4,4,4
223,2022,1,21,female,SK,education,0,5,5,4,4,3,3,3,4,3,3,3,4,2,3,2,2,3,3,3,3,3,3,4,3,3,3,3,3,2,3,3,0,0,0,0,0,0,0,0,0,0,0,0,0,0,0,0,0,0,0
224,2022,2,20,male,SK,IT,10,4,4,3,3,2,3,3,2,1,3,3,2,2,3,2,3,3,3,2,3,3,3,2,3,2,2,1,3,2,2,2,0,0,0,4,0,4,0,4,0,3,4,3,4,0,3,3,3,3,3
225,2022,3,22,male,SK,IT,12,5,5,4,2,3,4,4,3,3,2,4,4,3,4,3,3,3,4,3,3,4,3,3,3,3,3,3,4,3,3,2,2,2,4,4,3,4,4,4,3,4,4,4,4,4,3,2,4,4,3
226,2022,2,20,male,SK,education,0,4,4,4,2,2,4,4,4,4,4,3,4,3,4,3,4,2,4,5,4,3,4,3,3,4,2,2,2,2,2,1,4,0,0,0,0,0,0,0,0,0,0,0,0,0,0,0,0,0,0
227,2022,3,22,female,SK,education,1,4,4,4,2,4,4,4,4,4,4,2,4,3,4,4,4,4,4,3,4,4,4,4,3,3,3,2,2,2,2,2,3,3,3,3,3,3,3,3,3,3,3,3,3,3,3,3,3,3,3
228,2022,1,20,male,SK,IT,0,5,5,5,1,5,5,5,3,4,3,4,4,4,4,3,2,3,4,4,4,5,5,5,5,3,3,2,3,1,1,1,5,0,0,0,0,0,0,0,0,0,0,0,0,0,0,0,0,0,0
229,2022,1,20,female,SK,IT,0,4,4,4,1,4,4,5,4,2,3,2,4,5,5,5,5,4,4,4,4,4,3,5,5,5,5,4,5,5,4,5,5,5,5,3,0,0,4,0,0,3,5,4,4,3,4,4,4,4,4
230,2022,2,20,female,SK,education,0,3,3,3,4,3,2,4,2,2,2,2,2,3,3,2,3,2,2,2,2,3,3,4,3,3,3,2,3,2,2,2,2,3,3,3,2,2,4,0,3,4,4,4,4,3,3,3,0,0,0
231,2022,1,22,male,SK,IT,0,4,4,4,4,4,4,4,4,4,2,4,4,4,4,4,2,4,2,4,4,4,4,4,4,2,2,2,2,2,2,2,2,2,2,2,3,3,3,3,3,3,3,3,3,3,3,3,3,3,3
232,2022,2,21,female,SK,education,1,2,3,3,3,3,4,3,3,2,4,3,2,3,3,2,3,3,3,3,3,3,3,3,3,3,3,3,3,4,3,2,3,3,3,3,4,5,4,3,5,4,3,4,3,4,3,3,4,3,4
233,2022,2,21,female,SK,education,0,5,5,3,4,5,4,4,3,4,1,2,4,4,4,4,2,3,4,1,2,3,4,4,4,1,3,4,3,1,4,4,1,1,1,2,1,2,2,4,2,2,4,2,4,1,2,2,2,3,2
234,2022,2,21,male,SK,IT,0,5,5,5,5,4,5,5,5,5,3,3,5,5,5,5,5,5,4,5,5,5,4,5,5,5,3,3,4,2,2,1,4,2,5,0,0,0,4,0,0,3,4,2,4,0,0,4,5,5,4
235,2022,2,20,female,SK,education,0,4,3,2,4,2,3,4,3,3,3,2,3,2,2,3,2,2,3,2,2,3,2,3,3,1,3,4,3,3,4,4,0,2,2,1,1,0,1,0,1,2,0,1,2,1,0,0,0,0,0
236,2022,3,23,male,SK,IT,0,5,5,5,5,2,5,5,3,4,3,4,5,5,5,4,4,3,4,3,4,5,4,3,4,4,5,5,4,4,4,3,5,4,5,5,3,4,4,5,4,4,3,4,5,4,4,4,5,3,4
237,2022,2,21,male,SK,IT,0,5,5,3,2,3,4,4,3,3,3,4,5,3,4,3,3,3,5,5,4,4,4,5,4,4,3,2,2,2,1,1,2,2,3,0,0,0,0,0,0,3,4,3,0,0,0,3,4,4,4
238,2022,4,24,male,SK,IT,52,5,5,4,5,5,5,4,4,3,3,2,4,4,5,5,2,5,5,4,3,2,4,4,3,4,4,4,2,1,3,2,3,0,5,2,4,3,4,2,3,2,3,3,0,2,4,0,5,5,4
239,2022,1,21,male,SK,IT,0,5,5,5,1,5,5,5,5,5,3,3,5,5,3,5,3,5,5,5,3,5,5,5,3,2,3,1,1,1,1,1,3,2,3,3,5,0,4,0,0,0,0,0,0,0,0,1,4,4,5
240,2022,2,20,female,SK,education,0,4,4,4,2,4,4,4,1,4,5,3,3,4,1,4,1,4,1,1,3,4,3,4,3,1,1,3,3,2,3,3,1,1,2,0,1,1,1,0,1,0,0,0,0,0,1,1,1,3,4
241,2022,3,22,male,SK,IT,0,5,5,3,2,4,5,4,3,3,3,4,5,4,3,3,2,3,5,5,3,3,3,2,1,1,3,1,1,1,1,1,3,0,0,0,3,0,4,0,0,4,4,3,5,3,0,2,0,0,0
242,2022,1,20,male,SK,IT,10,5,5,5,2,3,5,5,4,4,3,5,5,4,2,2,3,3,5,5,5,5,5,4,4,4,4,4,3,3,4,2,1,1,1,1,1,1,1,1,1,1,1,1,1,1,1,1,1,1,1
243,2022,1,22,male,SK,IT,0,5,5,5,2,5,5,2,4,2,5,3,5,5,5,5,4,5,5,2,4,2,2,4,5,4,5,1,1,1,1,1,5,5,4,3,5,3,5,4,5,5,5,4,4,5,3,4,4,4,4
244,2022,2,21,female,SK,education,0,3,5,4,4,3,4,4,3,4,3,4,2,3,3,4,3,4,4,4,3,4,4,3,2,3,3,3,4,2,2,2,4,2,3,4,3,3,4,3,4,4,4,0,4,2,0,0,3,4,4
245,2022,3,22,male,SK,IT,10,5,5,4,5,5,4,4,4,5,5,3,4,5,5,4,3,4,4,4,5,4,4,5,5,2,4,2,4,1,1,2,5,4,3,3,3,4,4,4,4,3,5,5,5,2,3,3,4,4,4
246,2022,5,23,male,SK,IT,80,4,4,4,4,4,4,4,4,4,3,2,4,5,5,4,4,4,4,5,4,2,4,4,4,2,4,2,4,2,2,1,4,4,4,3,5,4,4,3,3,3,4,4,4,2,4,4,4,5,4
247,2022,2,23,female,SK,education,0,4,4,4,4,3,4,4,4,3,3,3,5,5,4,4,4,3,4,4,4,5,4,4,4,3,3,3,4,3,4,4,2,2,0,0,0,0,0,3,3,3,3,3,3,3,0,0,0,4,4
248,2022,4,24,male,SK,IT,2,4,4,2,1,3,4,3,3,3,4,3,5,4,4,3,3,3,4,4,3,3,4,3,3,3,3,3,3,3,3,3,0,3,3,3,3,3,3,3,3,2,3,2,3,1,3,3,3,3,3
249,2022,1,19,male,SK,IT,0,5,5,4,2,4,4,3,3,4,2,3,5,4,4,2,3,4,5,2,4,4,5,4,4,2,4,5,4,2,2,4,4,4,0,0,3,3,4,0,4,4,4,4,4,0,3,2,4,4,4
250,2022,1,19,male,SK,IT,0,4,4,5,5,3,4,4,4,4,3,4,4,4,4,2,2,4,4,4,4,4,4,3,3,2,2,2,1,1,1,1,4,4,4,4,3,4,4,4,4,4,5,4,4,0,3,2,2,4,4
251,2022,5,23,male,SK,IT,100,5,4,3,4,4,5,4,3,4,3,2,5,4,4,4,4,4,4,4,4,5,4,4,2,2,2,4,4,3,3,2,4,2,4,3,3,4,4,4,3,4,4,4,4,2,2,2,4,4,4
252,2022,1,23,male,SK,IT,50,4,4,5,5,3,4,4,4,3,4,4,4,5,5,4,3,3,4,4,3,3,3,4,4,3,3,1,2,2,3,1,4,3,0,2,3,0,3,2,2,0,0,2,3,2,0,4,4,4,5
253,2022,5,23,male,SK,IT,3,4,4,4,4,4,4,4,4,4,4,4,4,3,4,3,3,4,4,4,4,3,3,3,3,4,3,3,3,3,2,2,0,0,0,0,3,3,3,3,3,3,3,3,3,3,3,4,4,4,4
254,2022,1,21,male,SK,IT,0,5,5,3,4,5,4,3,3,3,2,3,4,2,2,1,1,4,4,4,3,3,3,3,3,2,1,3,3,3,3,4,4,1,2,2,2,0,2,0,3,2,2,2,4,0,1,1,1,3,2
255,2022,5,24,male,SK,IT,60,4,4,4,4,4,4,4,4,4,4,4,4,3,4,3,3,4,4,4,4,3,3,4,3,3,3,2,2,2,2,2,3,3,3,4,4,3,4,4,3,3,4,3,4,3,3,3,4,4,4
256,2022,1,17,male,SK,IT,1,4,4,4,4,2,5,5,5,5,4,3,4,4,5,3,5,4,5,5,4,3,4,4,4,4,4,2,4,3,3,3,5,3,4,5,4,3,4,4,4,4,5,4,5,4,4,4,4,3,4
257,2022,4,22,male,SK,IT,2,5,5,5,5,5,4,4,3,4,2,2,5,4,4,4,3,4,4,4,4,4,3,4,4,4,4,3,3,3,2,2,5,3,5,5,3,4,2,3,5,4,5,5,3,5,4,2,5,3,5
258,2022,1,20,male,SK,IT,0,4,3,4,2,3,4,4,5,5,3,4,4,5,5,5,4,4,5,4,4,3,4,5,5,5,5,1,2,2,1,1,4,3,5,0,4,0,4,0,4,3,4,4,4,3,4,4,4,4,5
259,2022,3,21,male,SK,IT,52,5,5,4,5,5,4,4,4,4,4,5,4,5,4,5,4,4,4,1,4,1,2,4,5,5,5,2,2,2,2,1,5,2,4,2,4,3,4,2,3,0,4,0,3,2,4,2,4,4,4
260,2022,1,19,male,SK,IT,0,5,5,5,5,5,4,5,5,3,4,3,5,5,4,2,3,4,4,3,3,4,4,5,3,3,3,5,5,5,5,5,3,4,5,4,4,4,5,4,2,4,4,3,4,4,5,5,4,5,4
261,2022,3,23,male,SK,IT,26,5,5,5,5,5,5,5,5,5,4,4,5,5,5,5,3,5,5,5,5,5,5,5,5,5,5,5,3,2,2,2,4,4,4,2,5,3,4,3,3,5,5,5,4,3,4,4,4,4,4
262,2022,2,20,male,SK,IT,0,5,5,5,4,4,5,4,4,4,3,4,5,5,5,4,5,4,5,5,3,4,3,5,4,5,5,2,3,1,1,1,5,4,0,0,0,0,5,0,0,3,5,5,5,4,4,4,4,3,4
263,2022,3,22,male,SK,IT,40,1,3,2,2,3,4,3,2,5,3,5,5,4,5,5,4,4,5,5,5,5,5,5,4,5,5,3,2,2,1,1,5,4,4,4,5,5,5,4,3,4,4,4,5,5,5,5,5,5,4
264,2022,1,22,female,SK,IT,0,4,4,4,5,3,4,5,5,5,3,4,5,5,5,3,4,5,5,4,5,4,4,5,5,5,5,1,2,1,1,1,5,4,3,0,0,0,4,0,0,0,4,4,0,0,0,3,4,4,4
265,2022,3,22,male,SK,IT,64,4,4,4,4,3,4,4,4,5,3,3,5,4,5,4,4,4,4,3,5,5,5,4,3,4,4,3,3,2,2,2,4,3,3,3,4,5,4,3,3,3,4,2,4,1,4,4,5,4,4
266,2022,2,22,female,SK,other,1,4,4,4,4,4,4,5,5,4,3,4,5,3,4,4,3,2,4,3,4,3,3,5,4,3,3,2,2,2,3,3,3,3,4,4,3,4,4,4,3,4,4,3,4,3,0,0,4,4,4
267,2022,2,20,male,SK,IT,0,4,4,5,3,4,5,5,4,4,3,4,5,4,4,4,3,4,5,4,4,4,4,3,3,3,2,3,3,4,4,4,0,0,0,0,0,0,0,3,4,0,5,4,4,0,0,0,4,0,4
268,2022,2,21,female,SK,education,1,3,3,3,4,3,3,3,3,3,3,3,4,3,3,3,4,4,4,4,3,3,4,4,3,3,3,3,4,3,3,3,4,3,3,0,0,4,4,0,4,4,3,3,3,3,3,3,3,3,3
269,2022,2,20,male,SK,IT education,0,4,4,4,4,4,4,4,2,4,3,4,4,3,4,4,4,4,4,3,4,3,4,4,4,3,4,2,3,2,2,2,4,2,2,0,2,0,4,0,3,0,4,4,4,3,0,0,4,4,4
270,2022,3,21,male,SK,IT,26,4,4,4,1,4,4,4,1,1,1,2,4,2,1,3,1,3,1,1,2,1,1,2,1,1,4,4,4,4,5,5,5,1,1,1,1,1,1,1,1,1,1,0,0,1,1,1,0,0,0
7,2024,3,22,female,SK,education,0,5,5,4,2,4,5,5,2,4,4,4,4,4,4,4,3,4,4,4,4,4,4,4,4,4,4,2,2,2,2,2,0,0,0,0,0,0,0,0,0,0,0,0,0,0,0,4,4,4,4
10,2024,4,25,male,SK,IT,25,5,5,5,4,5,4,5,5,5,3,5,5,4,4,3,5,4,5,4,4,4,4,4,4,4,4,2,2,2,1,1,0,0,0,0,3,3,3,3,3,4,4,4,4,3,4,4,3,3,3
11,2024,3,26,male,SK,IT,0,5,5,5,3,5,5,5,5,5,5,3,5,4,5,5,2,4,4,5,5,5,5,3,2,3,3,2,2,1,1,1,0,0,0,3,3,3,4,3,2,5,3,5,5,5,2,3,5,5,5
12,2024,2,21,male,SK,IT,0,5,5,4,3,4,5,5,5,5,4,4,5,5,5,4,4,3,3,3,4,5,4,5,5,4,5,3,4,3,2,4,0,4,4,0,0,0,4,0,0,4,5,4,5,4,4,4,4,5,5
13,2024,5,26,male,SK,IT,240,5,4,5,5,4,4,4,4,3,4,5,4,5,5,4,4,4,4,4,3,3,3,4,3,3,3,3,4,1,2,1,3,2,4,4,4,5,4,4,3,4,4,4,4,4,3,4,3,5,5
27,2024,2,25,female,SK,IT,0,4,4,5,1,3,4,4,4,5,3,2,5,4,4,4,3,4,4,4,3,2,3,4,4,4,3,4,4,4,3,2,0,0,0,0,0,0,4,0,0,0,4,0,0,0,0,0,5,5,5
29,2024,2,22,male,SK,IT education,5,4,4,4,4,4,4,4,4,4,4,4,4,4,4,4,4,4,4,4,4,4,4,4,4,4,4,4,4,4,4,4,4,4,4,4,4,4,4,4,4,4,4,4,4,4,4,4,4,4,4
31,2024,3,22,male,SK,IT,1,5,5,5,2,4,5,5,5,5,4,4,5,4,5,4,4,4,4,4,5,3,3,5,4,4,4,2,4,2,2,2,4,3,4,4,4,4,4,4,3,2,4,4,4,3,4,4,4,5,5
39,2024,6,24,male,SK,IT,40,5,5,3,3,4,5,5,4,4,3,3,4,4,4,3,3,4,4,5,4,3,4,4,3,3,4,2,3,2,2,2,4,0,0,4,4,0,4,0,3,3,4,4,4,3,3,3,4,4,4
41,2024,2,21,male,SK,IT,30,5,5,5,4,3,4,4,4,4,2,4,4,4,4,3,3,4,4,3,4,3,4,4,4,4,3,2,2,2,1,1,0,0,0,0,0,0,0,0,0,0,0,0,0,0,0,3,4,4,4
47,2024,3,23,male,SK,IT,24,5,5,3,1,3,4,4,3,4,3,3,4,3,4,3,3,4,4,3,4,4,4,4,3,3,3,2,2,2,2,2,3,3,3,2,3,3,4,2,3,4,4,4,4,4,1,1,4,4,4
49,2024,2,20,male,SK,IT,22,4,4,5,2,4,5,5,5,4,3,3,5,4,4,5,3,4,5,5,4,4,3,5,4,4,4,3,3,4,2,2,0,2,4,2,4,4,4,2,4,3,4,3,4,3,4,4,4,5,5
56,2024,2,22,male,SK,IT,0,5,5,4,1,4,4,4,3,3,4,3,5,5,5,3,4,3,4,3,5,5,5,5,5,4,4,3,3,2,3,2,0,0,0,0,0,0,0,0,0,0,4,3,4,0,0,4,4,4,4
58,2024,2,21,male,SK,IT,0,5,5,5,5,4,5,5,4,5,3,4,5,3,3,3,3,5,5,5,5,3,3,3,3,3,3,2,3,3,3,2,2,2,3,3,3,3,3,3,3,2,3,2,4,1,3,3,3,3,3
59,2024,2,26,male,SK,IT,0,4,4,5,1,3,5,4,4,5,2,2,5,4,5,5,3,4,1,1,5,5,3,5,3,3,3,4,5,4,4,5,0,0,0,0,0,0,0,0,0,0,0,0,0,0,0,0,0,0,0
63,2024,2,21,male,SK,IT,0,4,5,4,3,4,5,5,5,5,4,5,5,4,4,4,3,5,4,2,4,4,4,4,4,4,4,5,4,3,2,3,3,3,3,3,0,0,0,0,0,0,0,0,0,0,4,4,5,5,5
64,2024,2,21,male,SK,IT,0,1,1,1,1,1,1,1,1,1,1,1,1,1,1,1,1,1,1,1,1,1,1,1,1,1,1,1,1,1,1,1,1,1,1,1,1,1,1,1,1,1,1,1,1,1,1,1,1,1,1
78,2024,2,23,male,SK,IT,0,5,5,5,3,3,5,5,5,5,3,4,4,4,4,4,4,4,5,5,5,3,4,4,4,4,4,3,2,2,1,1,0,3,4,0,5,0,5,0,3,4,5,4,4,3,3,4,5,5,4
84,2024,2,23,male,SK,IT,0,5,5,2,1,2,5,5,1,2,1,4,4,5,5,1,1,4,1,1,4,1,1,4,5,1,1,5,1,1,1,1,4,0,2,0,1,0,1,0,1,2,4,3,4,3,0,4,4,1,1
92,2024,3,24,male,SK,IT,26,5,5,4,3,4,5,5,5,4,4,3,5,4,4,4,3,4,4,4,4,4,4,4,5,5,4,3,2,3,3,2,5,3,4,4,4,4,4,4,3,3,3,3,4,2,4,4,4,4,5
93,2024,2,21,male,SK,IT,0,4,4,4,4,3,4,4,3,3,2,4,4,3,4,3,3,3,4,4,3,3,4,4,3,2,2,3,3,2,2,3,4,3,3,3,0,0,0,0,0,3,4,0,4,0,0,3,4,3,3
94,2024,1,21,male,SK,IT,0,4,4,4,4,3,4,4,4,4,3,3,4,4,4,3,3,4,4,4,4,4,4,4,4,4,4,4,4,4,4,4,4,4,3,3,3,4,4,3,4,3,3,4,3,4,3,4,4,4,4
96,2024,2,20,male,SK,IT,30,4,4,5,4,2,4,4,4,4,4,4,4,3,3,3,3,4,4,4,4,4,3,4,3,3,3,2,2,3,3,3,0,2,3,3,4,4,4,4,2,0,0,0,4,0,4,0,4,4,0
100,2024,4,24,male,SK,IT,200,5,5,4,3,4,4,4,5,3,4,3,3,3,3,4,3,4,4,4,4,4,4,3,3,2,3,3,3,3,2,2,4,2,2,3,3,3,3,3,3,2,3,2,3,2,3,4,5,3,5
103,2024,2,21,male,SK,IT,2,5,5,3,2,4,4,4,4,4,3,2,5,1,5,4,4,4,4,4,4,4,4,4,2,4,4,5,3,2,4,4,5,4,4,4,4,4,4,4,4,4,4,3,4,4,3,4,4,4,4
114,2024,2,20,male,SK,IT,0,5,5,4,3,4,4,5,4,4,3,4,5,4,5,4,4,4,5,5,4,4,4,4,5,4,4,3,2,2,2,2,3,3,4,0,0,0,4,0,0,0,0,0,4,0,4,4,4,4,4
117,2024,4,23,male,SK,IT,0,5,5,4,2,4,5,5,5,5,4,4,5,5,4,4,3,4,5,4,5,3,4,5,5,5,5,1,2,3,2,1,4,4,3,3,5,4,4,4,2,2,4,4,3,3,3,4,4,5,4
118,2024,2,24,male,SK,IT,156,5,4,5,1,4,5,5,4,3,3,3,3,4,4,2,4,4,4,4,3,5,3,4,3,3,4,1,1,1,2,1,4,3,5,5,4,4,5,5,3,2,4,2,4,4,3,5,4,4,4
124,2024,1,22,male,SK,IT,100,5,5,4,5,5,5,5,5,5,3,4,5,4,4,4,2,4,5,5,5,3,5,4,4,4,4,3,2,1,1,1,5,4,4,5,4,4,4,4,3,4,4,4,4,4,4,4,4,4,4
128,2024,2,22,male,SK,IT,0,5,5,3,5,4,5,5,4,4,4,4,5,4,5,5,3,5,4,4,5,4,5,5,5,4,4,3,2,1,2,2,4,0,0,3,4,0,5,0,0,0,5,3,4,0,3,5,5,5,5
140,2024,2,22,male,SK,IT,0,5,5,2,5,4,5,5,5,4,3,4,5,4,4,4,3,4,4,3,4,3,3,4,3,3,4,3,3,1,1,1,4,3,0,0,4,0,4,0,3,4,4,3,4,0,0,3,4,4,4
150,2024,2,20,male,SK,IT,0,5,5,3,1,5,5,5,5,5,4,4,5,5,5,5,5,4,5,5,5,5,5,5,5,4,5,4,4,4,1,2,5,5,5,0,5,0,5,0,3,3,5,4,5,4,0,5,5,5,5
152,2024,3,22,male,SK,IT,1,5,5,2,1,2,5,5,5,5,3,2,4,5,5,5,1,5,5,5,5,3,5,5,5,5,5,3,1,1,1,1,5,5,5,5,5,5,5,1,3,5,5,5,5,3,5,5,3,5,5
155,2024,2,20,male,SK,IT,0,4,4,4,3,2,5,4,4,4,3,3,4,4,4,3,3,3,4,4,3,2,4,4,4,4,4,3,3,2,1,2,4,4,3,3,3,3,4,3,4,3,4,4,4,4,4,4,4,4,4
157,2024,5,27,male,SK,IT,100,4,3,2,2,3,3,3,2,2,2,2,4,3,4,2,3,3,3,2,3,4,3,3,3,2,2,3,4,4,4,4,3,1,3,4,2,3,3,2,2,3,4,2,3,2,2,2,2,2,2
159,2024,5,26,male,SK,IT,300,5,4,4,2,5,5,5,5,4,4,4,5,5,5,5,4,4,5,5,5,2,4,5,5,5,5,2,1,1,2,1,5,5,5,4,4,4,5,4,2,4,4,3,4,3,5,4,5,5,5
172,2024,5,25,male,SK,IT,6,5,5,4,4,4,4,5,4,4,3,2,4,4,4,3,3,4,2,4,4,3,4,5,4,3,4,1,3,1,2,3,4,4,4,4,3,4,5,3,3,4,4,2,4,2,4,3,4,4,4
174,2024,3,23,female,SK,education,0,5,4,2,1,4,4,5,1,2,2,4,4,5,5,2,3,2,2,2,5,2,5,2,2,2,2,5,4,4,4,5,0,0,0,0,0,0,0,0,0,0,0,0,0,0,0,0,0,0,0
187,2024,4,23,male,SK,IT,52,5,5,3,2,2,5,5,4,5,5,2,5,5,5,4,5,4,4,3,4,3,4,5,5,4,5,3,4,3,2,1,4,5,4,5,3,4,4,5,0,0,4,4,5,4,4,4,5,4,3
197,2024,2,20,female,SK,IT,0,4,3,2,3,3,3,4,4,4,2,3,4,4,4,4,3,3,4,4,2,2,3,4,4,2,4,4,3,2,2,2,0,0,0,0,0,0,0,0,0,0,0,0,0,0,0,4,4,4,4
199,2024,3,21,female,SK,education,0,4,4,2,3,2,4,4,3,4,2,2,4,4,4,4,2,2,4,4,4,2,4,4,2,2,2,2,2,2,4,4,2,2,3,3,2,2,4,4,2,2,4,4,4,2,2,3,2,4,4
201,2024,3,40,male,SK,IT,2,4,4,5,4,3,5,5,5,4,2,4,5,5,5,4,4,4,5,4,3,4,3,4,5,4,4,3,4,5,3,2,3,2,2,2,3,4,4,3,4,3,4,4,5,2,4,4,5,4,5
206,2024,2,26,male,SK,IT,40,5,5,4,2,3,5,5,5,5,3,3,5,4,4,4,4,5,5,5,4,3,4,5,4,4,5,1,1,1,1,1,3,3,4,4,4,4,4,4,4,3,4,2,4,2,5,5,5,5,5
207,2024,5,24,male,SK,IT,70,5,5,5,4,5,5,5,5,4,4,3,5,5,5,4,5,5,5,4,4,4,3,4,3,5,4,2,4,2,1,2,5,5,4,4,4,5,4,4,3,5,5,4,4,4,4,4,4,5,5
209,2024,2,20,male,SK,IT,0,5,5,5,5,3,5,5,4,5,4,4,5,4,5,5,3,5,5,5,5,3,5,5,4,4,5,2,3,1,2,1,0,0,0,0,0,0,5,0,0,4,5,4,5,0,0,4,5,4,4
210,2024,5,23,male,SK,IT,2,5,5,4,4,4,5,4,4,3,2,3,4,4,4,4,4,4,5,4,4,3,4,4,4,4,5,2,2,1,2,1,5,5,3,3,4,4,5,3,4,4,4,3,5,4,3,4,3,5,4
217,2024,2,21,male,SK,IT,0,4,4,4,4,4,4,4,4,4,4,4,4,4,4,4,4,4,4,4,4,4,4,4,4,4,4,2,2,2,2,2,2,3,2,3,3,3,3,3,1,4,4,4,4,4,2,2,4,4,4
221,2024,4,23,male,SK,IT,20,5,5,5,5,5,5,5,5,4,4,5,5,5,5,4,4,4,5,4,5,5,5,5,5,5,4,3,2,2,1,1,4,4,0,2,4,4,4,2,3,3,4,3,4,3,0,4,5,5,5
222,2024,4,22,male,SK,IT,100,5,5,3,4,2,5,5,5,5,3,4,5,5,4,1,3,5,5,5,5,2,3,1,2,1,2,1,1,1,1,1,4,2,4,4,4,4,3,4,2,2,4,2,3,4,1,1,4,4,4
224,2024,3,21,male,SK,IT,100,5,5,3,3,4,3,3,1,2,3,2,3,2,3,2,3,1,4,2,2,3,3,3,3,3,3,3,3,2,2,3,4,3,4,4,3,5,3,5,3,3,4,4,4,3,3,2,3,2,2
228,2024,2,21,male,SK,IT,0,5,5,4,1,4,5,5,4,4,3,3,5,4,4,2,3,3,3,4,4,4,5,3,3,2,2,3,2,2,2,2,0,0,0,0,0,0,0,0,0,4,4,3,4,0,3,3,4,3,4
243,2024,1,23,male,SK,IT,300,5,5,5,5,5,5,4,4,4,1,5,5,4,4,4,3,4,5,3,4,1,3,4,5,3,3,4,2,2,1,1,2,5,4,5,4,4,3,4,4,4,4,4,4,4,4,4,4,4,4
248,2024,2,25,male,SK,IT,100,3,3,3,3,3,3,3,3,3,3,3,3,3,3,3,3,3,3,3,3,3,3,3,3,3,3,3,3,3,3,3,3,3,3,3,3,3,3,3,3,3,3,3,3,3,3,3,3,3,3
249,2024,2,20,male,SK,IT,0,4,4,5,2,2,5,5,1,5,3,3,4,5,5,3,3,1,4,2,5,2,4,5,3,3,3,5,4,4,5,4,3,0,0,0,0,0,0,0,0,5,5,5,5,5,3,3,4,4,5
256,2024,2,17,male,SK,IT,0,4,4,4,4,3,3,3,4,3,3,4,3,3,3,4,4,4,3,3,3,3,3,4,3,4,3,3,4,4,4,4,4,4,0,0,0,0,0,0,0,0,4,0,4,0,0,0,0,0,0
257,2024,5,23,male,SK,IT,100,5,5,5,2,4,5,5,5,4,3,4,5,4,4,5,4,5,4,4,5,4,4,5,4,3,4,3,3,2,1,2,4,3,3,2,3,3,4,2,1,3,5,4,5,5,5,5,5,5,5
260,2024,1,20,male,SK,IT,0,4,4,3,4,3,4,4,4,5,4,2,5,5,5,5,2,4,4,4,4,3,4,5,4,3,4,5,4,4,4,5,5,5,4,4,5,4,5,4,5,5,4,5,4,5,4,4,5,5,4
264,2024,1,22,female,SK,IT,0,5,5,4,4,4,4,5,4,4,3,3,4,5,5,3,4,5,5,3,4,3,4,5,4,5,4,3,3,3,3,3,4,3,4,0,3,0,4,0,4,3,4,3,4,3,5,5,4,5,5
265,2024,1,23,male,SK,IT,2,5,5,3,3,3,5,5,5,3,3,3,5,5,5,3,3,3,5,5,5,4,4,3,3,4,4,3,3,3,1,2,4,3,3,3,2,3,4,4,3,2,3,2,3,2,4,4,4,4,4
271,2024,4,25,male,SK,language,0,4,4,1,1,4,3,4,1,2,3,2,5,5,4,5,3,3,1,3,2,4,4,4,4,3,4,4,4,3,2,4,4,0,0,0,0,0,0,0,0,0,0,0,0,0,0,2,4,1,1
272,2024,1,23,other,SK,education,0,4,4,4,3,2,3,4,2,2,1,2,2,3,4,1,1,1,4,2,2,4,3,1,1,1,1,5,5,5,5,5,1,1,1,1,1,3,3,3,3,2,3,3,3,3,1,1,1,1,1
273,2024,1,17,male,SK,IT,2,4,3,2,4,3,4,4,4,3,4,4,4,3,4,3,4,3,4,4,4,4,3,4,4,4,4,3,3,2,2,3,4,4,4,4,4,4,4,4,3,4,4,4,5,4,4,4,4,4,4
274,2024,1,18,male,SK,IT,0,5,5,5,3,3,4,5,3,3,4,3,3,4,3,4,3,4,3,4,4,3,3,4,3,4,3,4,3,3,2,2,3,4,5,5,5,3,5,3,5,5,0,3,5,3,5,3,5,3,5
275,2024,3,24,male,SK,education,0,5,5,5,3,1,4,5,4,4,1,3,5,3,4,4,2,3,5,2,4,3,3,1,1,1,1,4,4,4,3,3,0,0,0,0,0,0,0,0,0,0,0,0,0,0,0,0,0,0,0
276,2024,1,19,female,SK,other,0,4,4,1,1,2,4,4,2,4,2,2,4,3,3,3,2,2,4,2,4,4,3,3,2,2,2,4,4,4,3,4,0,0,0,0,0,0,3,0,0,0,0,0,0,0,0,0,4,4,4
277,2024,1,47,male,SK,management,0,5,5,4,5,4,5,5,5,4,3,4,5,3,3,4,3,4,4,4,4,5,3,4,4,4,3,3,4,2,3,3,0,0,0,0,4,0,4,0,0,0,0,0,3,0,0,0,4,4,4
278,2024,4,23,female,SK,other,0,4,4,4,2,2,4,3,4,3,3,2,4,3,3,2,2,2,4,4,4,4,4,3,3,2,4,4,4,3,3,3,0,0,0,0,0,0,0,0,0,0,0,0,0,0,0,0,0,0,0
279,2024,4,22,female,SK,education,0,5,5,3,1,4,3,5,5,5,3,4,5,5,5,5,5,3,4,3,5,3,4,5,3,4,5,3,2,2,1,1,3,5,3,0,4,0,4,0,3,3,4,3,5,0,4,5,5,5,5
280,2024,2,21,female,SK,education,0,5,5,3,5,3,5,5,5,5,3,3,5,5,5,3,3,2,3,5,3,3,3,5,5,4,3,2,2,2,2,2,0,0,0,0,0,0,0,0,0,0,0,0,0,0,0,0,0,0,0
281,2024,3,31,male,SK,IT education,2,5,5,5,3,4,5,5,5,5,5,4,5,5,4,5,4,4,3,3,4,4,4,5,5,3,5,3,3,2,2,4,5,5,5,5,4,4,4,4,4,4,4,4,4,4,4,4,4,4,4
282,2024,3,25,female,SK,language,0,5,5,3,2,3,4,5,2,4,3,3,4,2,2,2,1,3,4,2,4,3,3,2,2,2,2,2,5,2,4,2,0,0,3,0,0,0,3,0,0,0,0,0,3,0,0,2,4,4,4
283,2024,2,20,male,SK,IT,10,5,4,3,2,4,4,5,4,4,3,4,3,4,4,4,4,3,4,4,5,4,4,4,4,4,4,4,4,4,4,4,4,5,4,4,5,4,4,4,5,4,4,4,4,5,4,4,4,4,4
284,2024,1,20,female,SK,language,0,4,4,5,3,3,5,5,4,5,3,4,4,3,3,4,3,4,4,4,4,3,3,4,3,2,4,2,4,3,2,2,0,0,0,0,0,0,0,0,0,0,0,0,0,0,0,0,0,0,0
285,2024,6,25,female,SK,other,1,5,5,5,5,3,3,5,4,3,3,3,4,4,5,3,3,5,3,3,3,3,4,4,3,2,3,2,3,3,2,2,0,0,0,0,0,0,0,0,0,0,0,0,0,0,0,0,0,0,0
286,2024,4,25,male,SK,IT,0,5,5,2,1,2,4,4,4,2,2,3,5,4,5,4,3,4,4,4,2,3,4,4,2,3,3,3,2,3,2,2,2,3,3,4,3,4,4,5,4,3,4,2,4,2,2,4,5,4,4
287,2024,3,20,female,SK,other,0,5,5,4,2,2,4,3,2,2,2,4,4,2,4,3,3,1,4,3,3,4,4,2,3,2,2,4,3,4,4,5,2,2,3,3,3,2,4,3,4,3,4,4,4,3,3,2,4,4,4
288,2024,2,21,female,SK,education,0,4,4,2,4,2,4,5,3,4,2,2,4,4,4,3,4,5,4,3,3,4,5,4,4,3,4,3,2,2,4,2,4,0,4,0,4,0,4,0,4,0,4,4,4,0,4,5,5,5,4
289,2024,1,19,female,SK,IT,2,4,4,5,5,3,5,5,5,5,4,3,5,4,4,4,4,5,5,4,4,4,5,4,4,4,4,2,2,2,2,2,4,4,4,4,4,3,4,4,4,3,4,3,4,3,4,4,4,3,3
290,2024,5,24,male,SK,STEM education,0,4,4,2,4,2,4,4,3,2,2,2,4,2,2,2,3,3,4,3,2,3,3,2,4,1,2,3,4,2,2,2,1,0,0,0,2,0,4,0,1,0,0,0,0,0,2,2,4,4,4
291,2024,4,23,female,SK,STEM education,0,4,4,3,3,2,3,4,2,3,3,2,4,4,3,3,2,2,3,2,4,3,3,3,3,2,2,4,4,4,5,5,3,2,2,3,2,2,3,3,2,3,4,4,3,3,4,3,2,4,3
292,2024,1,18,female,SK,IT,0,5,5,4,1,3,4,4,5,3,4,3,4,4,5,4,4,4,4,4,4,3,4,5,4,5,5,1,1,1,1,1,4,3,3,3,4,3,4,3,3,4,4,3,4,3,4,4,4,3,3
293,2024,2,28,male,SK,other,0,4,4,4,5,4,5,4,3,4,3,4,5,2,3,4,3,4,4,5,3,5,4,3,4,4,4,3,3,2,2,2,3,3,4,0,4,0,5,0,3,0,0,0,4,0,3,5,4,4,4
294,2024,2,23,male,SK,IT,0,4,4,4,4,4,5,5,5,5,5,3,5,5,5,5,3,5,5,5,5,3,3,5,3,3,3,4,2,2,4,2,0,0,0,0,0,0,0,0,0,3,4,0,0,2,4,4,5,5,4
295,2024,1,19,male,SK,IT,0,4,4,2,2,3,4,5,4,4,4,4,5,4,4,4,5,5,4,5,4,5,4,4,3,3,3,2,3,3,2,3,5,4,4,4,4,4,4,4,3,4,5,4,3,4,0,4,4,5,4
296,2024,2,20,female,SK,other,0,4,3,3,2,3,4,3,2,3,2,4,4,3,3,4,3,3,4,2,3,3,3,4,4,2,2,3,4,3,3,3,4,2,3,0,2,0,0,0,0,0,0,0,0,0,0,0,3,3,4
297,2024,2,21,male,SK,IT,0,5,5,5,3,5,5,5,5,5,4,3,5,3,4,4,3,4,4,4,5,3,3,4,3,3,4,4,4,4,2,1,5,3,5,3,3,5,3,4,3,3,4,1,5,2,4,5,5,5,5
298,2024,3,22,female,SK,education,0,5,5,5,2,4,5,5,4,4,2,4,5,4,4,4,3,2,5,5,5,3,5,5,3,2,2,2,1,1,1,2,2,2,2,0,4,0,4,0,0,0,4,0,0,0,0,4,4,5,4
299,2024,2,20,male,SK,IT,0,5,5,5,5,3,5,5,5,5,3,4,5,3,3,5,3,5,5,5,5,1,5,5,5,5,5,1,3,3,4,2,2,1,1,3,4,0,0,0,0,3,3,3,3,3,0,0,0,5,4
300,2024,2,22,male,SK,management,0,5,5,4,5,3,5,5,3,3,4,3,4,2,3,5,2,4,4,2,2,4,3,4,3,3,3,2,4,3,2,3,3,4,3,0,2,4,0,0,0,4,4,4,4,4,0,2,4,0,3
301,2024,2,22,female,SK,education,0,4,4,4,4,3,3,4,4,4,4,3,4,4,4,4,4,4,3,3,4,3,4,4,4,2,4,4,4,2,4,4,4,4,4,3,3,3,3,3,3,0,4,4,4,4,4,4,4,4,4
302,2024,6,38,male,SK,other,0,5,5,5,4,5,5,5,4,4,4,4,5,5,5,4,5,4,5,4,5,5,5,5,3,3,5,2,4,2,2,3,5,3,3,0,5,0,5,0,4,0,0,4,5,4,4,5,5,5,5
303,2024,1,20,male,SK,IT,100,4,5,3,3,3,5,5,5,5,5,5,5,5,4,5,5,5,5,5,5,5,5,5,5,5,5,2,1,1,1,1,5,5,5,0,5,0,5,0,4,5,5,3,4,3,4,4,4,4,5
304,2024,4,22,female,SK,management,0,5,5,3,3,4,4,5,4,4,2,2,4,3,3,4,3,4,4,3,3,3,3,4,2,2,2,4,4,3,4,3,0,0,0,0,2,0,4,0,0,0,0,0,0,0,0,0,0,0,0
305,2024,1,19,male,SK,IT,0,5,5,4,2,4,5,4,5,4,2,4,5,4,5,5,4,3,5,5,3,4,4,5,5,4,4,2,4,1,2,2,5,5,4,0,5,0,4,0,3,3,4,4,4,3,4,5,5,5,5
306,2024,1,19,male,SK,IT,1,5,4,3,1,4,4,4,4,4,3,4,5,5,5,3,4,4,3,5,4,5,4,4,4,4,4,2,2,2,2,2,4,4,4,4,3,4,5,4,3,4,5,0,4,0,4,4,5,4,5
307,2024,1,33,female,SK,management,0,4,4,3,4,3,4,4,4,4,3,4,4,4,4,4,3,4,4,4,3,3,3,4,3,3,4,3,4,3,3,3,4,3,3,3,3,3,4,3,3,3,3,3,3,3,3,4,4,4,4
308,2024,1,20,male,SK,IT,0,5,4,4,4,2,5,5,4,5,3,4,5,4,4,4,4,4,5,4,5,4,4,4,4,4,4,2,3,2,2,2,0,3,3,4,3,3,4,3,3,3,4,4,4,3,4,4,4,4,4
309,2024,4,23,female,SK,language,0,4,3,2,5,2,4,4,4,4,2,4,2,4,4,2,3,4,4,3,4,3,4,4,5,4,2,2,2,2,1,1,0,0,0,0,0,0,0,0,0,0,0,0,0,0,0,0,0,0,0
310,2024,7,25,female,SK,education,0,2,1,1,1,1,4,4,1,1,1,1,4,1,1,1,1,1,2,1,2,3,1,1,1,1,1,5,4,5,4,5,0,0,0,0,0,0,0,0,0,0,0,0,0,0,0,0,0,0,0
311,2024,3,23,female,SK,education,0,4,4,4,3,2,3,4,4,4,4,3,4,3,4,4,3,3,4,4,5,4,4,4,4,3,3,3,4,3,3,2,4,3,3,0,0,0,0,0,0,0,0,0,0,0,3,2,0,3,0
312,2024,6,27,female,SK,education,0,3,3,4,3,2,4,4,3,4,3,3,3,4,4,2,3,2,3,4,3,4,4,3,4,4,3,4,3,3,2,1,0,3,3,0,4,0,4,0,0,0,0,0,0,0,3,4,4,3,4
313,2024,1,19,male,SK,IT,0,4,4,3,3,4,4,4,3,4,3,3,4,3,4,3,3,4,4,4,3,4,4,3,3,4,3,3,3,3,3,3,4,3,3,0,4,0,0,0,0,0,0,0,0,0,0,0,0,0,0
314,2024,1,18,male,SK,IT,0,5,5,5,5,5,5,5,5,5,5,5,5,5,5,5,5,5,5,5,5,5,5,5,5,5,5,5,5,5,5,5,3,4,3,3,3,3,3,3,3,3,3,3,3,3,3,3,3,3,3
315,2024,4,30,female,SK,education,0,4,4,2,4,3,4,2,2,2,2,2,4,2,2,2,2,2,4,2,2,4,2,2,2,2,2,4,4,4,4,4,2,2,2,0,2,0,0,0,0,0,0,0,0,0,0,2,0,2,2
316,2024,2,38,female,SK,education,1,5,4,4,4,5,5,5,4,5,4,4,5,5,5,4,5,4,4,4,5,4,4,4,3,4,5,2,2,1,2,1,4,4,3,5,4,4,5,3,3,0,0,4,4,0,5,5,5,5,5
317,2024,2,18,male,SK,IT,0,4,4,5,3,2,5,4,4,4,3,4,4,4,4,4,4,5,4,5,5,3,5,4,4,4,4,2,3,3,1,1,4,4,0,0,4,4,4,0,0,0,4,0,4,0,0,4,4,4,4
318,2024,3,22,female,SK,education,0,4,4,3,4,4,4,4,4,3,2,3,4,4,3,3,3,3,2,3,4,3,4,3,2,3,2,2,2,2,3,2,0,0,0,0,0,0,0,0,0,0,0,0,0,0,0,0,4,4,3
319,2024,3,42,male,SK,education,0,5,5,5,5,5,5,5,5,5,4,5,4,4,4,4,4,4,4,4,4,4,4,4,4,4,4,2,2,2,4,2,5,5,5,5,4,5,5,5,5,5,5,5,5,5,5,5,5,5,5
320,2024,4,24,female,SK,education,0,3,4,2,2,2,4,4,2,2,3,2,4,3,4,3,3,3,4,4,4,3,3,4,3,2,3,3,4,4,4,3,2,2,2,3,3,0,3,0,2,0,0,0,3,0,2,2,2,4,3
321,2024,1,20,male,SK,IT,0,5,5,5,2,5,4,4,5,4,5,2,5,5,5,5,3,5,3,5,5,2,4,5,5,5,5,3,2,4,1,2,5,5,5,5,0,0,4,0,4,4,4,5,4,5,5,5,5,5,5
322,2024,1,17,male,SK,IT,0,5,5,4,3,2,5,5,5,5,5,5,5,5,5,4,4,5,5,5,3,3,3,5,5,5,4,2,3,2,1,2,0,0,0,0,4,0,5,0,0,0,0,0,0,0,0,4,4,5,5
323,2024,5,25,male,SK,language,0,5,5,5,4,3,5,5,4,4,2,4,5,1,5,5,5,4,4,4,5,4,5,4,3,4,5,2,3,2,1,1,5,4,4,4,5,4,5,4,4,4,4,3,4,4,4,5,5,5,5
324,2024,2,23,male,SK,education,0,5,4,5,1,4,4,5,4,5,4,3,5,4,5,5,3,4,5,5,4,4,5,5,5,4,5,4,4,2,2,1,0,0,0,0,0,0,0,0,0,0,0,0,0,0,0,4,4,5,4
325,2024,1,25,female,SK,other,0,4,4,4,3,3,4,4,4,4,4,3,5,3,4,3,4,4,4,3,5,5,4,3,3,2,3,2,3,3,3,2,0,4,4,0,0,0,4,0,0,0,0,0,0,0,0,0,0,0,0
326,2024,1,19,male,SK,IT,0,5,4,4,2,2,3,4,4,4,4,4,3,4,4,4,3,2,4,4,4,4,4,4,3,4,3,3,3,4,2,2,4,3,4,0,0,0,4,0,0,3,5,2,3,0,0,0,4,4,4
327,2024,2,20,male,SK,other,0,5,4,4,4,2,4,4,4,4,3,4,5,3,4,4,2,4,2,3,4,4,2,4,3,4,3,4,4,2,2,3,2,2,2,0,3,0,0,0,0,0,0,0,4,0,3,3,5,4,4
328,2024,2,21,female,SK,other,100,5,5,4,1,3,5,4,3,3,2,3,5,5,5,5,4,4,5,4,5,3,4,4,2,2,3,3,3,1,1,1,0,0,0,0,3,3,4,0,0,0,0,0,0,0,3,1,3,4,4
329,2024,2,21,female,SK,IT,0,4,4,4,5,3,4,4,3,4,2,4,4,3,4,2,3,4,4,4,3,4,3,4,4,4,4,2,4,2,2,3,4,0,4,0,0,0,0,0,0,4,4,0,4,0,3,4,4,5,5
330,2024,3,23,male,SK,education,0,5,5,4,4,4,4,4,4,4,4,3,4,3,4,3,3,3,5,3,4,4,3,4,4,4,3,4,4,5,3,3,5,0,0,0,0,0,0,0,0,0,0,0,0,0,0,3,4,3,3
331,2024,4,21,female,SK,education,0,5,4,5,5,4,4,4,5,5,4,3,5,4,4,5,3,4,4,4,4,3,4,4,4,3,3,2,2,1,2,2,3,4,4,5,4,5,5,4,0,4,4,4,4,3,4,4,4,4,4
332,2024,3,22,male,SK,IT,10,5,5,5,2,3,4,5,4,4,3,4,4,4,4,4,4,2,2,2,3,4,4,4,3,3,3,2,2,2,2,2,0,4,4,4,4,4,4,4,3,0,5,4,4,4,2,3,4,4,4
333,2024,1,26,male,SK,education,0,4,5,4,4,3,4,4,3,4,2,3,4,4,4,3,4,3,3,4,3,4,4,4,4,3,4,3,4,3,4,3,4,0,0,0,3,0,3,0,2,0,0,0,0,0,3,4,4,4,5
334,2024,2,23,female,SK,education,0,4,4,3,3,4,4,3,2,3,3,2,3,4,4,3,2,2,3,4,2,4,4,4,4,3,4,5,5,5,5,4,2,3,4,0,3,0,0,0,0,0,4,4,4,0,4,4,4,4,4
335,2024,2,48,female,SK,education,0,3,5,4,3,4,3,4,4,3,4,3,4,4,3,3,4,3,4,3,4,5,4,3,3,3,3,3,3,3,3,3,4,4,4,3,4,0,4,0,4,3,4,4,4,0,4,4,4,4,4
336,2024,2,21,female,SK,management,1,5,5,5,2,2,5,5,5,4,3,4,5,4,5,3,3,3,5,5,3,5,5,5,5,3,3,2,2,3,2,2,0,0,0,0,0,0,0,0,0,0,0,0,0,0,4,4,4,4,4
337,2024,3,34,male,SK,IT education,0,5,5,5,1,2,5,5,5,5,4,4,4,4,4,4,3,4,3,3,3,4,4,4,3,2,2,3,3,3,3,3,3,3,4,3,4,4,4,4,4,4,4,4,4,4,4,4,4,4,4
338,2024,1,19,male,SK,IT,0,5,4,4,1,5,4,5,4,4,1,3,5,4,4,4,4,3,4,2,4,3,4,4,3,2,4,2,2,1,3,2,2,2,2,0,1,0,4,0,2,3,4,3,4,0,3,2,4,4,4
339,2024,5,25,male,SK,other,0,4,4,4,2,2,4,4,4,4,4,4,4,4,4,4,2,4,4,4,4,2,5,4,1,4,5,1,1,1,1,1,4,3,3,3,4,3,4,3,3,3,3,3,4,3,4,4,4,5,5
340,2024,1,20,male,SK,IT,0,4,4,4,4,4,4,4,4,4,3,3,4,4,4,4,4,4,4,4,4,4,4,4,4,4,4,3,3,3,3,3,3,3,3,3,3,3,3,3,3,3,3,3,3,3,3,3,3,3,3
341,2024,1,20,female,SK,IT,0,5,5,1,5,1,5,5,2,1,1,2,4,2,2,2,1,1,4,1,4,2,5,2,2,1,4,1,1,1,4,2,0,0,0,0,0,0,1,0,1,5,1,5,5,5,1,5,4,1,2
342,2024,1,21,male,SK,IT,0,5,5,5,5,5,5,5,5,5,5,5,5,5,5,5,5,5,5,5,5,5,5,5,5,5,5,5,5,5,5,5,0,0,0,0,0,0,0,0,0,0,0,0,0,0,0,0,0,0,0
343,2024,2,22,female,SK,education,0,4,3,2,4,2,2,4,2,2,2,3,3,2,4,4,3,2,3,2,2,3,3,3,2,2,2,4,4,2,4,4,2,0,2,0,2,0,0,0,2,0,0,0,0,0,2,3,2,3,2
344,2024,3,22,female,SK,other,0,5,5,5,5,3,4,5,4,3,3,3,4,4,4,4,4,4,3,4,4,3,4,4,3,4,3,2,3,4,2,1,4,0,0,0,0,0,4,0,0,0,0,0,0,0,0,4,4,4,4
345,2024,3,30,male,SK,IT education,0,5,5,4,5,4,4,4,4,5,5,5,5,4,5,5,4,4,3,4,5,5,4,4,4,4,4,4,4,3,4,3,5,5,4,4,0,0,0,0,4,4,4,4,4,4,4,4,4,4,4
346,2024,1,22,female,SK,education,0,5,3,5,2,3,4,4,4,4,4,4,4,3,4,4,4,4,4,4,4,4,4,3,3,4,4,2,2,1,1,2,4,5,5,5,2,2,4,0,0,0,0,0,0,0,0,0,0,0,0
347,2024,1,40,female,SK,language,0,1,1,1,3,1,1,1,4,3,2,4,4,4,4,4,3,4,4,4,4,2,4,4,4,4,3,2,1,1,1,1,2,2,4,3,4,0,4,4,2,0,0,0,0,0,0,0,4,4,4
348,2024,4,23,female,SK,education,0,4,5,5,5,2,4,5,5,4,4,3,4,5,3,2,5,4,4,4,4,3,5,4,3,4,4,2,3,1,1,1,4,5,4,0,4,0,5,0,3,0,4,5,4,0,0,5,5,5,5
349,2024,6,25,female,SK,education,0,5,5,4,4,3,4,4,2,4,2,2,4,4,4,4,3,3,4,1,2,3,4,4,4,2,4,4,4,4,4,2,0,0,0,0,0,0,0,0,0,0,4,3,4,2,0,4,3,4,4
350,2024,1,21,female,SK,other,3,5,5,4,5,4,5,4,4,4,4,3,4,4,4,4,4,4,5,4,4,4,4,4,2,2,4,2,2,2,2,2,4,3,3,4,4,4,4,4,3,4,4,4,4,4,4,4,4,4,4
351,2024,5,24,male,SK,IT,60,5,5,4,4,4,4,5,3,4,3,3,5,5,5,3,4,5,4,4,5,2,3,4,3,4,4,5,3,1,3,2,4,5,5,4,4,4,5,4,3,4,5,5,5,4,3,4,4,4,4
352,2024,1,20,male,SK,education,1,5,5,4,5,5,5,5,5,4,5,5,5,5,3,5,4,4,5,5,4,4,4,5,5,5,4,2,2,2,1,2,4,4,4,4,5,4,4,4,4,0,3,0,0,0,3,5,5,5,4
353,2024,1,23,male,SK,language,0,4,4,3,2,5,4,4,4,3,4,3,4,4,5,4,5,4,4,2,4,5,5,4,4,2,4,5,4,4,5,5,5,5,5,0,3,0,5,0,2,0,4,4,4,0,3,4,4,5,2
354,2024,2,21,female,SK,education,0,4,3,3,4,3,4,4,3,3,3,3,3,3,3,3,3,4,4,3,4,3,4,4,3,3,3,3,3,3,3,3,4,3,3,3,0,3,4,3,3,3,3,3,3,3,3,3,3,4,3
355,2024,4,23,female,SK,STEM education,0,4,4,4,3,3,4,4,4,4,3,3,4,4,4,4,2,3,4,4,4,4,4,4,3,2,3,3,3,3,3,3,0,0,0,0,0,0,0,0,0,0,0,0,0,0,0,3,4,4,4
356,2024,3,41,male,SK,IT,2,5,5,5,5,4,5,5,5,5,2,4,5,5,5,5,5,4,5,5,4,4,5,5,4,4,5,4,2,2,2,2,5,4,5,0,0,4,4,4,0,4,4,4,5,5,5,5,5,5,4
357,2024,2,20,female,SK,education,0,4,5,3,3,4,4,4,3,5,3,5,5,5,5,5,3,3,5,3,5,3,5,5,5,3,3,3,1,1,2,2,0,0,0,0,0,0,5,0,0,4,4,4,4,4,0,0,0,4,4
358,2024,3,53,female,SK,education,0,4,4,2,2,1,3,2,2,3,1,4,3,2,5,5,4,2,5,5,5,4,5,5,3,3,4,2,2,1,1,1,4,4,4,3,4,2,4,2,4,3,4,3,3,3,4,4,4,4,3
359,2024,3,20,male,SK,IT,0,4,4,5,2,3,4,4,5,3,3,2,3,4,4,3,3,3,4,4,4,4,4,4,2,3,3,3,4,3,4,4,4,3,4,3,4,3,4,3,4,3,4,2,4,4,3,4,4,4,5
360,2024,1,29,female,SK,education,0,4,4,4,2,5,4,5,2,3,2,3,4,3,3,2,2,2,2,4,3,3,3,2,2,3,2,1,1,1,1,1,3,2,2,0,0,0,0,0,0,0,0,0,0,0,2,2,2,3,3
361,2024,5,24,female,SK,education,0,4,4,4,3,3,4,4,4,4,3,3,4,4,4,3,3,4,4,1,4,4,4,4,2,4,4,4,4,4,4,4,4,4,4,4,4,0,4,0,0,0,0,0,0,0,4,4,4,4,4
362,2024,1,20,male,SK,IT,0,4,3,3,3,4,4,4,3,4,4,5,5,3,3,4,4,3,5,3,3,3,5,4,3,5,3,4,3,4,3,3,0,5,4,4,3,4,3,4,5,4,4,3,4,0,3,4,4,4,4
363,2024,3,21,male,SK,IT education,0,5,5,3,3,4,5,5,5,5,3,4,4,4,4,4,4,4,4,4,5,3,4,5,3,5,3,3,3,1,2,2,5,3,4,3,5,3,5,3,5,5,3,3,3,3,5,5,5,5,5
364,2024,1,20,male,SK,IT,0,5,5,4,2,4,4,5,4,4,2,3,5,5,4,4,3,5,3,5,5,1,4,5,5,5,5,2,1,2,1,1,5,5,0,0,4,0,5,0,5,4,4,4,4,4,5,5,5,5,5
365,2024,1,19,male,SK,IT,1,5,4,3,2,3,2,4,4,4,5,4,5,4,5,5,4,4,4,2,4,2,4,4,5,5,2,3,2,2,3,2,5,3,0,4,3,4,5,4,3,3,5,4,2,4,3,4,3,4,5
366,2024,1,19,female,SK,IT,0,4,4,3,1,3,4,3,3,4,3,3,3,4,4,3,3,3,3,3,3,3,3,4,4,4,4,3,3,3,3,3,0,0,0,0,0,0,0,0,0,0,0,0,0,0,0,0,0,0,0
367,2024,3,44,female,SK,IT education,0,4,1,4,1,1,3,4,4,4,4,4,4,3,4,4,4,2,4,3,4,4,4,4,4,4,4,4,2,2,3,2,0,3,3,4,4,4,4,4,4,3,4,3,4,2,4,4,4,4,4
368,2024,2,25,female,SK,education,0,5,5,5,2,4,4,4,4,4,2,4,4,4,4,2,4,4,4,4,4,2,4,4,3,2,4,4,2,2,2,2,4,4,4,0,3,4,4,0,3,4,4,4,4,4,2,2,4,4,4
369,2024,1,20,male,SK,IT,0,5,3,4,4,3,4,4,5,5,2,3,4,5,5,5,5,4,4,4,4,2,4,5,5,5,5,3,4,2,1,1,0,5,4,0,4,0,5,0,0,4,4,3,4,0,5,5,4,5,3
370,2024,2,22,female,SK,other,0,5,4,4,2,4,4,4,4,3,3,4,4,4,4,4,3,3,4,3,4,4,3,2,3,3,2,2,2,2,2,2,3,3,3,1,0,0,3,0,3,3,3,2,3,2,3,3,3,4,4
371,2024,4,24,female,SK,management,4,4,4,4,4,4,4,4,4,4,4,4,4,4,4,4,4,4,4,4,4,4,4,4,3,3,3,3,3,3,4,3,3,2,3,3,3,3,3,0,3,3,3,3,3,3,3,3,3,3,3
372,2024,4,23,female,SK,education,0,5,5,3,5,3,4,5,4,4,4,3,5,3,4,4,3,4,3,5,5,3,3,4,3,2,3,2,2,2,1,2,3,3,3,3,3,3,3,3,3,3,3,3,3,3,3,3,3,3,3
373,2024,3,26,female,SK,language,0,4,4,3,4,3,4,4,4,4,3,2,4,5,5,4,3,4,3,2,3,4,4,5,5,4,5,4,4,3,4,2,4,3,4,0,0,0,4,0,4,0,0,0,4,0,5,5,5,5,4
374,2024,2,21,female,SK,education,0,3,4,4,4,3,4,4,4,4,3,4,2,4,3,2,3,2,4,4,3,4,4,4,3,2,2,3,2,2,2,2,0,3,3,3,4,3,4,3,2,3,3,3,3,3,2,2,3,4,4
375,2024,5,24,female,SK,education,0,4,4,4,2,2,4,4,4,4,2,4,2,4,4,4,4,2,4,2,4,4,4,4,2,2,3,2,2,2,2,4,2,2,4,3,4,3,4,3,2,3,3,3,4,2,4,4,4,5,5
376,2024,2,21,female,SK,other,0,5,5,2,1,4,4,4,2,4,4,2,5,4,5,2,4,4,2,4,4,5,4,4,4,1,4,2,2,2,1,1,0,0,0,0,4,0,0,0,0,0,0,0,0,0,0,0,0,0,0
377,2024,3,46,female,SK,IT education,2,5,5,5,5,5,5,5,5,5,4,4,4,4,4,4,3,4,5,5,5,4,5,5,5,3,5,3,3,3,3,3,5,3,3,3,5,3,5,3,3,3,3,3,3,3,5,5,5,5,5
378,2024,1,21,male,SK,other,0,5,5,4,5,3,5,5,4,5,3,4,5,5,4,3,5,4,5,5,4,3,3,5,4,5,5,2,3,2,1,3,0,4,4,4,3,4,4,3,5,3,4,3,4,4,4,5,5,3,4
379,2024,5,24,female,SK,STEM education,0,5,5,3,4,3,4,4,3,4,3,3,4,4,4,4,3,4,4,4,4,4,4,3,3,3,3,3,3,3,3,3,0,0,0,0,0,0,4,0,0,0,0,0,0,0,0,4,4,4,4
380,2024,1,21,male,SK,IT,0,4,4,2,1,2,4,4,4,3,3,4,5,4,4,3,3,3,3,1,4,3,3,3,3,4,3,2,3,2,1,2,0,0,0,0,0,0,0,0,0,0,0,0,0,0,0,3,0,4,2
381,2024,5,26,male,SK,education,0,4,4,4,2,3,4,4,3,4,3,3,4,4,4,3,4,3,4,4,4,4,4,4,3,3,3,3,3,2,3,3,0,3,0,0,3,0,4,0,0,0,0,0,0,0,0,0,4,4,4
382,2024,3,24,male,SK,education,0,5,5,3,5,5,4,4,4,4,3,5,5,5,3,4,3,4,5,5,5,5,4,5,5,5,5,2,3,2,2,2,5,0,0,0,0,0,0,0,4,0,0,0,0,0,0,5,5,5,5
383,2024,1,19,female,SK,IT,0,4,4,4,3,4,4,4,3,4,4,4,4,4,4,4,3,4,4,5,4,4,4,4,4,4,4,2,2,2,2,2,0,0,0,0,4,0,4,0,3,0,4,0,4,0,0,0,4,4,4
384,2024,5,23,female,SK,education,1,5,5,3,2,2,5,4,3,4,3,3,4,4,4,4,4,5,4,3,3,3,4,4,2,2,3,3,4,4,4,1,0,3,3,4,4,4,4,3,2,0,0,2,4,0,4,4,4,4,5
385,2024,4,24,female,SK,education,0,3,4,3,4,3,4,4,5,4,4,3,5,3,3,3,1,1,5,3,5,5,5,5,2,2,3,5,3,1,3,1,4,2,2,5,5,3,3,5,1,1,3,3,3,0,0,2,3,5,5
386,2024,4,23,female,SK,other,0,4,4,3,3,3,4,4,3,3,3,3,3,4,4,4,3,4,4,4,3,2,4,4,2,2,2,2,4,4,4,4,3,2,2,0,3,0,3,0,2,0,3,2,0,0,0,4,4,3,3
387,2024,2,20,male,SK,IT,0,4,4,4,5,4,5,5,4,4,4,4,5,4,4,4,3,4,4,4,4,4,4,3,3,2,3,3,3,2,3,3,4,0,0,0,0,0,4,0,0,0,0,0,3,0,0,4,4,4,4
388,2024,1,27,male,SK,other,0,5,5,4,2,4,4,4,4,4,3,4,4,4,4,3,3,3,4,3,4,4,4,4,4,4,3,3,3,3,3,3,3,4,4,4,3,3,4,3,3,3,3,3,4,3,3,3,4,4,4
389,2024,3,21,male,SK,education,0,3,4,3,2,2,4,4,3,2,2,4,4,3,4,4,4,3,3,4,4,3,4,4,4,3,3,3,2,2,3,2,4,4,4,0,4,0,4,0,4,3,3,3,3,3,3,3,3,4,4
390,2024,2,21,female,SK,other,0,5,5,5,5,3,4,5,4,4,4,4,5,3,4,3,3,5,4,5,5,4,4,4,3,3,3,2,1,1,3,2,4,3,2,0,3,0,4,0,2,0,0,0,0,0,3,4,5,4,4
391,2024,1,20,male,SK,IT,0,5,5,4,3,4,5,5,4,4,4,4,5,5,5,5,3,4,5,5,4,5,5,5,5,5,5,3,2,1,1,1,5,3,3,3,3,3,5,3,4,4,4,4,4,3,4,4,4,4,4
392,2024,3,33,male,SK,education,0,5,5,2,5,2,5,4,1,3,5,4,5,4,5,5,4,4,1,5,4,2,5,5,2,1,5,1,4,1,2,1,5,2,5,4,5,5,4,5,4,3,5,4,5,2,5,5,4,5,4
393,2024,4,24,female,SK,other,0,5,5,4,3,4,5,5,3,4,3,3,5,3,3,4,3,4,5,5,3,4,4,4,4,4,3,5,4,3,3,3,0,0,0,0,3,0,4,0,3,0,0,0,0,0,0,3,4,4,4
394,2024,1,17,male,SK,IT,0,5,5,4,1,4,5,5,3,3,4,4,5,4,3,4,4,2,5,5,4,4,4,4,5,3,3,3,4,2,3,2,5,5,5,0,4,0,4,0,0,5,5,5,5,5,0,3,5,4,4
395,2024,3,30,female,SK,other,0,5,5,2,1,3,4,4,1,1,1,2,4,4,4,2,3,1,4,3,3,3,3,1,1,1,1,3,1,1,3,1,1,1,1,0,0,0,0,0,0,0,0,0,0,0,0,2,2,1,1
396,2024,1,20,male,SK,IT,0,5,5,5,3,4,5,5,5,5,5,3,5,4,5,5,3,5,5,5,5,5,4,5,4,4,4,4,5,3,2,2,5,4,5,5,5,4,5,4,5,5,4,5,5,4,5,5,4,5,4
397,2024,4,35,male,SK,IT,1,4,4,3,3,2,4,4,3,3,3,3,5,5,5,4,3,3,4,3,3,3,3,4,4,4,4,4,3,2,3,3,4,4,4,3,4,4,5,3,0,0,0,3,3,3,4,4,4,3,3
398,2024,5,24,female,SK,other,2,5,4,5,3,3,4,4,4,4,2,2,4,4,4,5,4,4,4,4,4,4,4,5,4,4,4,4,3,3,2,2,4,4,4,4,4,4,4,4,3,4,4,3,4,3,4,4,4,4,4
399,2024,1,18,male,SK,IT,0,5,5,5,3,4,4,4,4,4,4,3,5,4,4,3,3,3,4,4,4,4,4,4,4,3,4,2,3,1,3,3,4,3,3,2,4,3,4,3,4,3,3,3,3,3,4,4,4,4,4
400,2024,1,19,male,SK,other,0,5,5,5,3,4,5,5,5,4,5,5,5,5,5,5,4,3,3,4,4,5,5,5,2,3,4,4,3,2,1,2,5,4,3,3,5,4,5,3,4,4,5,5,4,5,4,4,4,5,4
401,2024,4,52,male,SK,management,6,5,4,4,4,3,5,5,5,4,4,4,5,5,5,5,5,5,2,2,4,3,4,5,5,5,5,2,1,1,1,1,5,5,5,4,5,5,5,5,5,0,0,0,5,0,5,5,5,5,5
402,2024,1,19,female,SK,education,0,5,5,3,4,3,2,4,2,3,2,2,4,3,3,2,4,1,4,2,2,4,3,2,2,2,2,3,4,4,3,3,0,2,0,0,0,0,4,0,0,0,0,0,0,0,0,0,0,3,3
403,2024,3,42,male,SK,education,0,4,4,4,4,4,4,4,4,4,4,4,4,4,4,4,4,4,4,4,4,4,4,4,4,4,4,3,3,3,3,3,4,4,4,4,4,4,4,4,4,4,4,4,4,4,4,4,4,4,4
404,2024,3,35,female,SK,education,0,4,4,4,2,2,4,4,2,2,2,2,2,3,4,2,2,2,4,2,2,3,2,2,2,2,2,2,2,2,2,2,2,4,2,4,3,2,4,4,2,0,4,4,4,4,0,0,4,4,2
405,2024,1,18,female,SK,other,0,5,5,5,2,3,5,5,4,4,4,4,5,4,5,5,4,3,5,5,4,5,5,4,5,5,5,3,5,5,5,5,4,4,5,4,4,4,4,4,4,4,4,4,4,4,4,5,4,3,3
406,2024,6,24,female,SK,education,0,4,4,2,1,3,4,3,2,3,2,3,5,4,4,4,3,3,4,4,4,4,4,4,3,3,3,2,3,2,2,2,3,3,3,3,3,3,3,3,3,3,4,3,3,3,4,4,2,2,3
407,2024,1,20,female,SK,education,0,5,5,4,4,5,4,5,4,4,4,4,5,3,3,4,5,4,3,3,5,4,4,4,3,4,4,2,2,1,2,2,4,0,0,0,3,0,5,0,0,0,0,0,0,0,0,5,5,5,5
408,2024,4,23,female,SK,education,0,5,5,4,2,4,5,5,5,5,4,4,5,5,5,5,5,5,4,4,5,4,5,5,4,1,5,2,2,2,1,1,5,0,0,0,0,0,0,0,0,0,0,0,0,0,0,4,5,5,5
409,2024,2,21,female,SK,language,0,4,4,3,4,1,4,4,3,4,3,3,4,4,4,1,1,2,4,4,4,3,4,1,1,3,3,3,3,3,1,3,3,4,3,0,3,0,4,0,0,0,0,0,0,0,0,0,0,0,0
410,2024,2,22,female,SK,education,0,4,2,4,1,2,2,4,4,2,2,4,4,2,4,2,3,4,4,2,4,2,4,4,3,4,4,4,4,2,4,4,4,3,3,3,3,3,4,3,3,3,3,4,4,3,2,4,4,4,4
411,2024,1,31,female,SK,management,0,4,4,5,5,3,4,4,3,4,4,3,4,3,4,4,3,5,5,4,3,3,4,3,4,3,3,4,4,4,3,3,3,0,2,0,0,0,3,0,4,0,0,2,4,0,0,4,4,4,5
412,2024,2,20,female,SK,education,1,4,4,4,4,3,4,4,4,4,3,3,5,4,4,4,3,2,3,3,4,4,4,4,3,2,2,3,2,2,3,3,2,2,2,3,2,2,3,2,2,2,0,2,2,2,2,3,2,4,4
413,2024,2,24,female,SK,other,0,5,4,4,3,4,4,4,3,3,4,3,4,4,4,4,4,4,3,2,4,4,3,4,4,3,4,3,4,2,2,2,0,0,0,0,0,0,0,0,0,0,0,0,0,0,0,4,4,5,4
414,2024,7,28,male,SK,other,0,5,5,4,4,2,4,5,4,4,2,3,5,3,3,4,4,5,3,5,3,3,3,5,4,2,3,2,3,1,2,2,0,0,0,0,0,0,4,0,0,0,0,0,0,0,3,3,4,5,4
415,2024,2,48,female,SK,education,0,5,5,4,3,4,4,4,3,3,4,4,5,5,5,4,4,4,3,4,4,4,4,3,3,3,4,2,2,1,1,1,4,0,0,0,4,0,4,0,0,0,0,0,0,0,4,4,4,3,5
416,2024,3,22,female,SK,education,0,4,5,4,4,3,4,4,3,2,2,2,2,3,2,4,2,2,4,2,3,2,3,4,3,2,3,3,4,4,4,3,2,3,3,0,2,0,3,0,2,4,4,3,5,0,3,4,4,4,0
417,2024,4,22,female,SK,other,10,3,3,4,3,4,3,4,4,4,3,3,3,3,3,3,3,3,3,3,3,3,3,3,3,3,3,3,3,3,3,3,3,3,3,3,3,3,3,3,3,3,3,3,3,3,3,3,3,3,3
418,2024,2,21,male,SK,IT,0,4,5,3,1,2,4,5,4,4,3,4,4,4,4,4,3,2,4,4,4,4,3,4,4,4,4,2,2,2,2,2,4,3,4,3,0,0,4,0,2,4,4,2,4,1,0,4,4,4,4
419,2024,1,22,male,SK,IT,0,5,5,4,4,3,3,5,5,3,4,4,5,5,5,4,3,5,5,5,5,3,3,5,4,4,4,2,3,3,1,1,0,0,0,0,0,0,0,0,0,0,0,0,0,0,0,5,5,4,4
420,2024,1,20,male,SK,IT,0,5,5,2,3,4,5,5,5,5,3,4,5,4,4,3,3,4,4,5,2,2,3,3,2,2,3,2,3,2,1,1,0,0,0,0,0,0,0,0,0,0,0,0,0,0,0,0,0,0,0
421,2024,1,21,other,SK,other,0,4,4,3,2,4,2,3,2,3,2,3,4,3,4,4,2,2,2,2,3,4,4,3,3,1,2,4,4,4,3,3,2,2,0,0,2,0,0,0,0,0,0,0,0,0,0,2,3,3,3
422,2024,2,39,female,SK,education,5,4,4,3,2,3,2,2,2,3,3,2,4,3,4,4,3,3,3,2,2,3,3,4,3,2,3,3,3,3,4,4,0,0,0,0,2,2,3,3,3,3,3,3,3,3,2,2,4,3,3
423,2024,1,21,female,SK,other,0,3,4,4,4,2,4,4,3,2,2,2,4,4,4,4,3,4,2,2,2,3,4,4,4,3,4,2,4,3,3,3,0,0,4,0,0,0,0,0,0,0,0,0,0,0,0,3,3,4,4
424,2024,1,21,female,SK,IT,0,4,3,5,2,4,4,4,4,5,3,2,4,4,3,4,3,4,4,4,4,4,4,4,2,4,4,3,3,3,2,2,2,3,3,3,3,3,3,3,3,3,3,3,3,3,2,2,4,4,4
425,2024,5,23,female,SK,language,2,4,4,4,3,2,4,4,3,3,2,2,4,4,4,4,4,4,3,4,4,3,3,3,3,2,3,4,4,3,4,3,0,0,0,0,0,0,3,0,0,0,0,0,0,0,0,4,3,4,4
426,2024,1,18,female,SK,language,0,4,4,4,2,3,4,4,4,4,2,2,4,3,3,2,3,4,4,4,4,2,4,4,2,4,2,2,4,2,2,2,0,3,0,0,2,2,4,0,0,0,0,0,0,0,3,4,4,4,4
427,2024,3,22,female,SK,other,0,2,4,3,4,2,4,4,4,4,4,4,4,4,4,4,3,4,3,4,4,3,4,4,4,3,4,2,2,2,2,1,3,0,0,0,5,0,4,0,0,0,0,0,0,0,0,0,4,4,4
428,2024,1,20,male,SK,IT,0,5,5,4,2,3,4,2,2,3,1,2,4,3,4,3,3,4,3,3,3,3,3,4,2,3,4,3,3,3,3,3,0,0,0,0,0,0,0,0,2,3,3,3,0,3,3,3,0,0,0
429,2024,1,19,male,SK,IT,0,2,4,4,4,4,5,4,4,4,4,4,4,4,4,4,4,4,2,4,4,4,4,4,4,4,3,2,2,2,2,2,4,2,4,4,2,2,4,4,4,2,4,4,4,2,4,4,4,4,4
430,2024,1,21,male,SK,IT,0,4,4,2,2,4,4,4,3,4,3,3,4,4,4,2,3,3,3,2,4,4,4,3,2,2,4,3,3,3,2,2,4,4,4,3,3,3,4,3,0,4,3,3,4,4,3,3,4,4,3
431,2024,1,20,male,SK,IT,0,5,5,5,5,4,5,5,4,4,4,4,4,5,4,4,3,4,5,4,4,4,4,5,3,4,3,3,2,2,2,2,4,0,0,0,0,0,4,0,0,0,0,0,0,0,0,4,4,4,4
432,2024,1,29,female,SK,language,0,4,3,2,2,2,4,3,3,2,2,2,4,3,4,2,4,2,3,3,4,5,4,5,2,3,2,1,1,1,1,1,1,2,0,0,0,0,4,0,0,4,4,5,5,0,0,3,4,3,4
433,2024,1,18,female,SK,language,0,5,5,5,3,4,5,5,5,5,5,2,5,4,2,3,3,5,5,2,5,3,3,5,5,5,4,3,5,1,1,1,0,2,0,0,0,0,4,0,0,3,4,1,4,1,4,4,5,5,5
434,2024,1,43,female,SK,education,10,4,4,3,2,3,4,4,3,3,3,2,4,4,4,4,3,4,4,4,4,4,4,4,3,4,3,3,2,2,3,4,4,3,4,3,3,3,4,3,3,4,4,3,4,3,4,4,4,4,4
435,2024,4,24,female,SK,management,0,5,4,3,5,3,4,5,5,4,3,3,4,4,5,4,3,4,2,4,2,4,3,4,2,4,3,2,3,4,1,3,0,0,0,0,4,0,4,0,0,0,0,0,0,0,0,4,4,4,4
436,2024,4,22,female,SK,education,0,5,5,4,4,4,4,4,4,4,3,4,5,4,4,4,4,4,4,4,4,5,4,4,4,3,4,2,3,2,2,2,4,0,3,0,4,0,4,0,3,2,4,0,4,0,3,4,4,4,4
437,2024,1,19,female,SK,IT,0,4,4,5,4,3,4,5,3,4,3,3,2,4,3,3,4,4,4,4,3,3,3,4,4,3,3,3,4,3,3,3,0,4,4,4,3,3,4,4,3,3,4,4,4,2,3,4,3,3,3
438,2024,2,21,female,SK,other,0,4,4,3,3,3,4,5,3,4,3,3,4,4,4,3,3,3,4,3,5,4,4,4,2,2,3,3,3,2,3,2,0,0,0,0,0,0,0,0,0,0,0,0,0,0,0,0,0,0,0
439,2024,1,21,male,SK,language,0,5,5,3,3,3,4,2,1,3,2,2,4,4,4,3,4,1,2,1,4,5,4,4,4,4,3,5,5,4,5,5,0,0,0,0,0,0,4,0,0,0,0,0,0,0,0,4,0,1,1
440,2024,1,18,female,SK,management,0,4,4,3,2,3,4,4,4,3,2,3,4,4,4,2,3,3,3,3,4,3,3,4,2,3,2,2,2,2,2,2,2,3,0,0,4,0,4,0,3,4,4,4,4,0,0,3,0,4,4
441,2024,3,48,female,SK,IT,3,4,4,4,4,3,4,3,4,3,3,4,5,4,4,4,3,4,4,4,4,4,4,4,3,3,4,3,4,3,3,4,0,0,0,4,3,3,4,4,3,4,4,3,4,3,0,0,4,4,4
442,2024,3,38,female,SK,IT education,0,5,4,2,3,3,4,4,4,4,3,4,3,4,4,4,3,4,4,4,4,3,4,4,3,3,4,3,3,2,2,2,0,0,0,0,4,0,0,0,0,4,4,4,4,0,4,4,4,4,4
443,2024,5,25,female,SK,education,0,3,4,1,1,3,2,4,1,2,5,1,4,4,4,4,1,2,4,2,4,3,5,4,1,1,2,4,2,2,5,5,1,0,0,0,0,0,0,0,0,0,0,0,0,0,0,2,3,1,1
444,2024,1,20,male,SK,IT,0,4,4,5,2,5,4,4,4,4,5,5,4,5,3,3,4,5,4,4,4,5,5,5,3,4,3,2,4,3,1,2,4,5,4,5,5,4,4,4,5,5,4,5,3,1,5,4,4,5,4
445,2024,2,20,female,SK,education,0,5,5,5,5,3,5,5,5,5,2,5,4,4,3,2,3,5,5,5,5,4,4,3,2,2,4,1,2,2,1,1,0,0,0,0,0,0,0,0,0,0,0,0,0,0,0,4,4,5,5
446,2024,5,24,female,SK,management,3,5,5,5,5,5,5,5,5,5,5,4,5,5,5,5,5,5,4,5,5,5,4,5,4,4,4,1,1,1,1,1,3,4,3,4,4,0,4,0,0,0,0,0,0,0,4,5,5,5,5
447,2024,3,26,female,SK,language,0,5,5,4,4,3,4,4,4,4,3,3,4,4,4,3,3,4,3,4,4,4,4,4,5,4,4,4,4,3,2,2,4,4,3,3,4,3,4,2,3,4,4,4,4,3,3,4,4,5,5
448,2024,4,22,female,SK,language,0,4,4,3,3,4,3,5,3,4,3,3,4,5,4,4,4,3,2,3,4,3,3,5,5,5,3,5,5,2,4,5,0,0,4,0,4,4,4,0,0,0,0,0,0,0,0,4,0,4,4
449,2024,1,22,male,SK,IT,0,5,5,4,4,5,5,5,5,4,4,3,5,5,4,3,3,3,5,5,5,5,5,5,3,3,5,1,2,2,1,1,3,3,4,0,3,0,4,0,0,3,4,3,4,0,4,4,5,4,4
450,2024,1,22,male,SK,IT,0,5,5,4,3,5,5,5,5,5,3,3,5,5,5,5,5,5,5,4,5,4,5,5,4,5,5,1,2,1,1,1,5,3,0,0,0,0,5,0,0,0,0,0,0,0,0,4,4,5,5
451,2024,2,20,male,SK,IT,2,5,4,3,5,4,5,5,5,4,3,2,5,3,4,5,4,4,3,4,2,4,3,4,4,2,3,4,4,2,1,4,3,3,4,2,2,3,0,3,2,0,4,0,0,2,2,4,5,5,5
452,2024,2,21,female,SK,IT,0,4,4,3,3,2,4,4,4,4,3,2,4,3,4,4,3,4,4,3,4,4,4,4,3,4,4,3,4,3,3,3,3,0,0,0,0,0,3,0,0,0,0,0,0,0,0,4,4,4,4
453,2024,2,21,male,SK,other,0,5,4,5,5,3,5,5,5,4,4,5,5,5,4,4,4,5,5,4,4,5,5,5,4,4,4,2,2,2,1,1,5,2,2,2,4,4,5,4,4,4,4,4,5,5,5,4,5,5,4
454,2024,3,24,male,SK,management,2,5,5,5,5,4,5,5,4,3,4,4,5,5,4,3,3,3,4,4,4,3,4,5,3,3,5,4,4,2,3,4,3,3,3,4,3,4,4,5,3,0,0,0,0,0,5,5,5,5,5
455,2024,3,21,male,SK,IT,24,5,5,5,5,4,5,5,5,5,3,2,3,5,5,3,2,2,3,4,4,5,5,5,3,4,4,2,3,3,2,1,4,0,2,4,4,4,4,4,4,4,5,0,4,0,0,4,5,5,5
456,2024,2,23,male,SK,IT,26,5,5,5,3,5,5,5,4,4,4,5,5,4,4,4,3,4,2,5,4,3,4,5,5,3,4,2,4,1,1,2,2,3,5,3,0,4,0,3,2,3,5,3,4,3,4,4,3,4,5
457,2024,1,35,female,SK,education,0,4,5,4,3,3,4,4,4,3,3,3,4,4,5,3,3,3,3,4,4,4,3,4,5,5,4,2,2,2,1,1,4,4,3,3,4,0,4,0,5,3,4,3,4,3,3,4,4,4,4
458,2024,2,21,female,SK,STEM education,0,5,5,5,2,3,4,5,3,4,2,3,4,4,4,3,3,4,3,3,3,3,4,3,2,2,3,4,2,1,4,4,0,0,0,0,3,0,0,0,0,0,0,0,0,0,3,4,4,4,4
459,2024,1,19,male,SK,IT,0,4,5,3,4,1,5,5,5,5,5,4,5,5,5,5,4,5,5,5,5,3,4,4,4,5,3,2,2,1,1,1,0,0,0,0,0,0,0,0,0,0,0,0,0,0,0,4,5,5,5
460,2024,1,20,male,SK,other,1,5,5,4,2,2,5,3,4,4,3,4,5,3,3,4,4,5,4,4,4,3,4,3,4,4,3,2,3,5,4,2,3,2,3,4,3,4,4,4,5,4,4,3,4,4,0,3,4,5,4
461,2024,5,25,female,SK,language,0,4,4,2,2,4,3,3,2,2,3,4,3,2,2,3,3,3,4,3,3,4,3,4,3,3,3,4,4,3,5,4,2,2,0,0,0,0,0,0,0,0,0,0,0,0,0,0,0,0,0
462,2024,3,36,male,SK,IT,2,5,5,1,1,5,5,5,3,3,2,4,4,4,4,4,3,3,3,3,3,5,5,3,3,3,3,3,3,3,5,4,3,4,4,4,3,3,4,4,3,3,4,4,4,3,5,4,4,3,4
463,2024,3,22,female,SK,management,0,5,5,4,2,2,4,4,2,2,2,2,4,4,4,2,2,2,3,2,3,4,4,2,2,2,3,4,4,2,4,4,4,2,2,3,3,3,4,3,3,2,4,2,3,2,3,3,4,4,3
464,2024,1,19,male,SK,IT,0,5,5,5,1,4,5,5,5,5,5,4,5,4,4,4,3,4,4,4,3,3,3,5,3,4,4,4,4,4,4,4,4,0,0,0,0,0,0,0,0,0,0,0,0,0,0,4,4,4,4
465,2024,1,24,female,SK,education,0,4,4,3,2,3,4,4,3,4,3,3,4,3,4,3,4,4,4,4,4,4,4,3,3,2,4,3,2,2,2,3,4,4,3,3,3,3,4,3,3,4,4,4,4,3,3,4,4,4,4
466,2024,1,17,male,SK,IT,2,5,4,3,4,3,5,5,4,4,3,3,4,3,4,3,3,4,5,4,4,2,3,3,3,4,3,4,2,3,3,3,4,3,4,0,0,0,3,0,0,0,4,3,0,0,3,3,4,4,4
467,2024,3,27,male,SK,language,0,4,4,3,3,4,4,5,3,3,3,3,5,4,3,3,3,4,3,4,4,3,3,4,3,2,4,3,2,1,2,2,4,0,0,0,0,0,4,0,0,0,0,0,0,0,0,4,5,3,5
468,2024,3,22,female,SK,education,0,4,4,5,4,3,4,5,4,3,2,3,4,3,4,4,3,3,4,2,3,4,5,4,3,2,4,3,4,3,2,2,3,0,3,0,3,0,4,0,4,0,0,1,4,1,0,4,4,5,4
469,2024,6,24,female,SK,other,0,5,5,5,1,1,4,4,4,5,3,2,4,5,5,5,3,4,4,5,5,4,4,5,5,5,5,4,4,3,2,3,4,0,4,0,4,0,4,0,0,0,4,0,0,0,4,4,4,4,4
470,2024,1,21,male,SK,IT,0,5,5,5,1,3,5,5,5,5,1,3,3,3,3,3,3,3,5,3,3,3,5,4,4,4,4,3,3,3,3,3,5,3,5,4,3,3,4,3,3,0,5,0,0,0,4,4,4,4,4
471,2024,4,25,female,SK,language,0,3,5,5,4,3,4,4,4,4,2,3,5,5,5,5,5,4,4,3,4,4,4,5,5,5,5,1,2,2,4,2,5,5,5,0,4,0,5,0,0,0,3,5,4,0,5,5,5,5,5
472,2024,1,17,male,SK,IT,0,3,4,2,3,3,4,4,5,4,5,3,4,4,4,3,4,4,4,4,3,2,4,3,3,4,3,3,4,3,3,4,4,4,4,3,0,0,4,0,0,3,0,0,0,0,0,0,0,4,4
473,2024,5,53,female,SK,management,0,4,4,4,4,3,4,4,4,4,4,3,3,4,3,3,3,4,5,3,3,3,4,4,3,3,4,2,3,2,3,2,0,3,0,0,3,0,4,0,3,0,0,0,4,0,4,4,4,3,4
474,2024,4,22,female,SK,education,0,4,4,3,4,3,4,4,2,3,3,3,4,2,2,2,1,3,3,3,3,4,4,3,2,1,1,4,4,4,4,4,3,2,2,0,3,0,2,0,0,0,0,0,0,0,0,2,2,3,3
475,2024,3,47,female,SK,IT education,1,5,5,5,1,3,4,5,4,5,3,4,5,5,5,5,5,4,5,4,5,4,5,5,4,4,5,5,4,3,3,3,5,3,5,4,4,4,5,5,4,4,5,4,3,4,3,4,4,5,5
476,2024,1,20,male,SK,IT,0,5,5,4,3,2,5,4,4,4,3,4,5,3,3,3,3,4,4,4,4,3,3,3,4,3,3,3,3,3,3,3,3,3,3,3,0,0,0,0,0,3,3,3,3,3,0,0,0,0,0
477,2024,1,36,female,SK,IT,0,4,5,5,1,3,5,5,4,2,3,2,5,4,4,5,3,5,5,3,4,4,4,5,5,4,4,3,4,2,2,2,3,0,0,0,4,0,4,0,0,0,4,2,3,0,4,4,4,4,4
478,2024,3,21,male,SK,other,0,5,5,5,1,4,5,5,5,4,3,4,5,5,5,5,3,4,4,5,4,4,4,5,2,1,4,2,1,1,1,1,4,0,0,0,0,0,0,0,0,0,0,0,0,0,0,5,5,5,5
479,2024,3,46,female,SK,IT,0,4,4,3,2,2,3,3,3,3,3,4,3,4,4,3,3,3,3,4,4,4,4,4,4,3,4,3,3,3,3,3,3,5,3,0,3,0,0,0,0,3,3,3,3,3,0,4,4,4,3
480,2024,2,21,female,SK,management,2,4,4,4,4,4,4,4,4,4,4,4,4,4,4,4,4,4,4,4,4,4,4,4,5,5,5,5,5,4,5,4,4,5,4,5,4,5,4,3,4,4,4,5,3,4,4,4,4,4,4
481,2024,4,22,female,SK,education,0,2,5,4,5,1,3,4,3,2,4,5,4,4,4,4,3,3,2,2,3,3,3,2,1,1,1,2,2,1,1,1,2,2,0,0,0,0,0,0,0,0,0,0,0,0,0,0,0,0,0
482,2024,1,54,female,SK,education,0,4,4,4,1,4,2,4,2,2,1,1,1,1,2,2,1,1,1,1,1,5,2,1,1,1,1,5,5,5,5,5,1,1,1,1,1,0,0,0,0,0,0,0,0,0,1,1,1,3,1
483,2024,1,19,male,SK,IT,2,5,5,4,4,2,4,5,4,4,3,3,5,4,4,3,4,4,3,2,4,4,4,4,5,4,4,4,3,3,4,3,3,3,3,4,3,3,4,3,3,3,3,4,4,3,3,3,5,5,4
484,2024,3,28,male,SK,other,0,5,5,5,3,5,5,5,5,5,5,4,5,5,5,4,4,5,5,5,5,5,5,5,2,2,4,1,1,1,1,1,4,0,0,0,5,0,5,0,0,0,4,4,5,0,5,5,5,5,5
485,2024,1,37,female,SK,STEM education,0,4,4,3,4,3,3,3,1,2,2,2,3,3,3,3,3,3,2,2,2,3,3,3,3,3,3,3,3,3,4,4,3,3,3,3,3,3,3,3,3,3,3,3,3,3,3,3,3,3,3
486,2024,3,45,female,SK,IT education,0,5,4,3,2,3,3,4,4,3,2,2,3,4,4,4,3,4,4,4,3,4,4,4,2,2,4,3,2,2,3,2,2,2,2,0,2,2,3,3,2,2,3,2,4,3,4,4,4,4,4
487,2024,2,21,female,SK,management,1,4,4,4,2,2,4,5,4,4,2,4,4,3,4,4,4,2,4,2,3,4,4,4,2,3,2,4,4,3,4,4,2,2,2,3,3,2,4,3,2,3,4,3,3,2,2,2,4,4,4
488,2024,4,22,female,SK,management,0,5,5,4,2,1,4,4,4,4,2,2,3,3,3,2,1,1,4,3,3,4,3,2,4,2,1,4,5,5,5,4,0,0,0,0,0,0,1,0,0,0,0,0,0,0,0,1,1,4,4
489,2024,1,19,female,SK,education,0,5,5,5,3,3,4,5,3,4,4,2,2,2,3,3,1,3,5,3,3,2,4,3,3,2,3,5,4,4,5,5,0,0,0,0,0,0,0,0,0,0,0,0,0,0,0,2,2,5,4
490,2024,2,20,male,SK,IT,0,4,4,3,3,4,4,4,3,3,3,3,5,4,4,3,3,3,3,3,3,3,3,3,3,3,3,4,4,2,3,3,4,3,3,4,4,3,4,3,3,3,3,3,3,3,3,3,4,4,3
491,2024,1,24,male,SK,other,0,5,5,4,5,4,4,5,4,4,4,4,4,5,5,4,3,4,4,2,4,4,4,4,4,4,4,4,2,2,5,4,3,0,0,0,4,0,5,0,0,0,0,0,0,0,0,3,5,4,4
492,2024,3,41,female,SK,education,0,4,4,5,3,3,4,4,3,3,2,4,3,4,5,4,3,4,4,4,5,4,5,5,3,2,4,2,2,1,1,1,0,0,0,0,0,0,0,0,0,0,0,0,0,0,0,4,5,4,3
493,2024,1,18,male,SK,IT,0,5,5,4,3,4,4,4,4,4,4,4,4,4,4,3,3,3,4,4,4,4,4,3,3,4,3,4,3,3,3,2,5,5,5,5,5,5,5,5,5,5,5,5,5,5,5,5,5,5,5
494,2024,1,20,male,SK,IT,0,5,5,3,4,4,5,5,5,5,4,3,5,4,5,5,3,5,4,3,5,4,4,5,3,4,5,3,2,2,2,2,4,4,0,0,4,0,4,0,0,0,0,3,4,0,0,5,5,5,3
495,2024,1,19,male,SK,IT,2,5,5,1,1,1,4,5,1,4,1,4,4,3,4,4,4,1,1,1,1,1,4,4,4,4,4,4,4,5,4,5,4,4,3,4,1,4,4,3,3,4,4,3,4,4,2,2,3,3,3
496,2024,1,20,female,SK,other,0,5,4,3,3,4,5,5,4,4,3,4,5,4,4,2,3,4,3,4,3,5,4,4,2,4,3,2,2,1,2,1,0,2,3,0,4,0,4,0,3,0,0,0,0,0,3,3,4,4,5
497,2024,1,18,female,SK,education,3,4,4,2,2,2,4,4,2,4,5,4,5,3,5,1,5,5,5,1,1,5,5,1,3,1,4,5,2,1,1,5,4,5,4,1,4,4,4,5,4,5,1,4,4,4,1,4,1,4,4
498,2024,1,20,male,SK,IT,0,5,5,5,1,5,5,5,5,5,4,2,5,5,4,3,5,5,2,2,4,2,5,5,5,3,4,3,5,3,5,2,0,0,0,0,0,0,4,0,0,0,0,0,0,0,0,0,5,0,0
499,2024,3,23,male,SK,education,0,5,5,4,2,2,4,4,3,3,3,2,5,3,4,3,3,2,2,4,4,5,3,4,3,2,3,4,2,1,1,2,4,0,0,0,0,0,0,0,0,0,0,0,0,0,0,2,3,4,3
500,2024,2,20,female,SK,education,0,5,5,4,2,4,4,5,3,3,2,3,5,4,5,2,2,3,4,5,4,4,3,3,2,2,2,5,5,4,4,3,0,2,2,0,3,0,3,0,2,0,0,0,0,0,1,2,2,4,4
501,2024,1,29,female,SK,education,0,5,5,5,3,4,4,4,3,4,4,3,4,4,4,4,3,4,3,3,4,4,4,4,4,4,4,3,3,2,2,2,4,4,4,0,4,0,4,0,0,4,4,4,4,4,4,4,4,4,4
502,2024,2,20,female,SK,other,0,4,4,1,3,3,4,4,1,3,2,2,5,3,3,4,3,4,4,4,4,5,5,4,2,1,3,2,1,1,4,3,5,0,0,0,0,0,0,0,0,0,0,0,0,0,0,4,4,3,3
503,2024,1,17,female,SK,IT,3,3,3,4,3,2,4,4,3,3,3,2,2,3,4,2,3,3,2,4,4,4,3,4,3,4,3,4,4,4,2,3,3,4,4,4,0,4,4,4,4,0,5,0,4,0,0,4,4,3,4
504,2024,2,20,male,SK,IT,5,5,5,5,5,4,5,5,5,3,4,3,5,5,5,3,4,5,5,2,3,3,4,5,4,5,5,5,3,2,2,1,0,0,0,4,5,0,5,0,5,3,5,5,5,4,5,5,5,5,5
505,2024,2,20,female,SK,management,4,4,5,4,5,4,5,5,4,4,3,4,5,5,5,4,3,5,5,2,4,2,4,4,5,5,4,1,2,1,1,1,4,0,0,4,4,0,5,4,4,0,0,0,0,0,0,0,5,5,5
506,2024,1,19,male,SK,IT,0,5,4,5,3,2,5,4,4,5,4,4,5,4,4,3,4,5,5,5,4,4,5,4,4,5,3,4,4,2,1,1,4,0,0,0,0,0,0,0,0,0,0,0,0,0,0,0,0,0,0
507,2024,1,20,male,SK,IT,0,5,5,5,1,5,5,5,5,5,5,5,5,5,4,3,2,3,5,5,5,5,3,5,5,3,3,2,2,2,2,2,0,0,0,0,0,0,0,0,0,1,1,1,1,1,3,3,3,3,3
508,2024,1,47,female,SK,IT education,0,4,4,3,2,4,3,4,2,3,3,3,3,2,2,2,3,2,3,2,4,4,3,3,2,2,2,4,4,2,4,4,3,3,3,3,2,3,3,3,3,2,4,4,4,3,3,3,3,3,4
509,2024,1,52,female,SK,education,0,5,5,5,5,4,4,4,5,4,4,2,4,4,4,4,3,3,2,4,5,3,4,4,4,3,3,2,3,2,2,2,4,0,0,0,0,0,4,0,0,0,4,0,0,0,0,0,4,4,4
510,2024,1,24,female,SK,IT,40,5,5,3,4,4,3,3,4,3,2,3,4,4,4,3,3,4,4,3,3,3,4,4,3,4,4,2,2,2,2,2,4,4,4,2,4,3,4,2,4,5,5,4,4,4,4,4,4,4,4
511,2024,3,22,male,SK,other,26,4,4,3,4,1,4,5,3,3,4,2,5,3,4,4,3,2,3,3,3,1,2,3,3,3,3,5,4,5,5,5,5,3,0,0,3,0,3,0,3,3,5,1,4,1,3,3,3,5,5
512,2024,2,19,male,SK,IT,0,5,5,5,5,4,5,4,4,5,4,5,5,5,5,5,3,3,4,5,5,5,5,5,5,5,5,2,2,1,1,1,0,0,0,0,0,0,5,0,0,0,0,0,4,0,5,5,5,5,5
513,2024,1,36,female,SK,education,0,4,3,2,3,4,4,5,2,4,3,4,3,4,4,2,3,4,5,3,2,3,3,4,4,2,3,3,3,1,3,3,4,0,0,0,0,0,0,0,0,0,0,0,0,0,0,0,4,4,3
514,2024,6,36,female,SK,management,1,5,5,5,3,4,3,4,5,5,4,2,4,4,4,3,5,4,3,2,4,4,4,5,3,3,5,1,3,1,1,1,4,4,4,5,4,4,4,4,4,4,4,3,4,3,4,5,5,4,5
515,2024,4,23,female,SK,other,0,4,4,2,2,3,3,4,4,4,3,3,4,3,4,4,3,3,4,3,4,2,3,4,2,2,3,2,2,2,2,2,4,0,0,0,3,0,3,0,2,0,0,0,0,0,0,4,3,4,4
516,2024,1,17,male,SK,language,0,5,5,4,1,3,4,4,3,3,2,3,5,4,4,4,3,5,5,4,5,3,4,4,3,4,5,2,2,1,1,1,0,0,0,0,0,0,4,0,0,0,0,0,5,0,0,3,4,2,2
517,2024,1,19,male,SK,IT,0,5,5,4,3,4,5,5,5,5,4,5,5,4,5,5,4,5,5,5,4,3,3,4,4,4,4,2,4,3,3,1,3,3,3,3,4,4,4,4,4,4,4,3,3,4,4,4,4,4,4
518,2024,2,19,male,SK,IT,0,5,5,5,3,4,4,4,4,4,3,2,5,4,4,3,3,4,4,3,4,3,3,4,4,3,3,3,4,3,4,4,4,0,0,0,0,0,0,0,0,0,4,0,0,0,0,0,5,4,3
519,2024,2,33,male,SK,other,0,5,5,4,3,3,4,4,4,4,4,4,4,4,4,5,3,4,4,4,4,4,4,4,4,3,4,4,3,2,3,3,0,0,0,0,0,0,0,0,0,0,0,0,0,0,3,4,4,4,4
520,2024,3,22,female,SK,STEM education,0,5,5,4,3,4,4,5,5,4,3,3,4,4,4,5,2,4,5,5,5,3,4,5,4,2,3,2,2,1,1,1,0,0,0,0,4,0,3,0,0,0,0,0,0,0,0,0,4,5,5
521,2024,2,20,male,SK,IT,0,4,5,4,4,4,4,4,4,4,4,4,5,4,4,5,3,2,4,5,4,4,4,5,4,5,4,3,2,2,2,3,4,3,3,3,3,3,3,3,3,0,4,3,0,3,0,0,4,4,4
522,2024,3,29,male,SK,IT education,3,4,4,2,5,2,3,4,3,3,3,2,5,4,4,2,3,2,2,2,4,4,4,3,3,3,2,2,2,2,4,2,4,3,4,4,3,3,4,4,3,3,4,3,4,3,3,3,4,4,2
523,2024,4,28,female,SK,other,3,5,5,4,3,3,5,3,3,3,3,4,5,5,5,4,5,4,4,4,4,3,4,5,5,5,5,4,4,4,1,1,5,4,4,4,4,4,4,4,4,4,4,4,4,4,4,4,4,4,4
524,2024,1,20,male,SK,IT,0,5,5,3,5,5,5,5,5,5,5,5,5,4,4,4,5,5,5,5,5,5,5,5,5,5,5,3,3,4,1,1,4,3,3,3,3,3,3,3,3,4,4,4,4,4,4,4,4,4,4
525,2024,1,18,female,SK,IT,0,4,4,3,1,2,5,4,4,4,3,3,4,3,2,1,3,1,4,4,3,4,4,4,3,3,3,3,3,4,2,3,3,3,3,3,3,3,3,3,3,4,3,3,3,3,3,3,3,3,3
526,2024,1,20,male,SK,IT,0,5,5,5,5,5,5,5,5,5,5,3,5,5,5,5,5,5,5,5,5,5,5,5,5,5,5,4,5,3,3,1,5,3,3,3,5,3,5,3,3,3,3,3,4,3,5,5,5,5,5
527,2024,1,17,female,SK,IT,0,3,4,3,2,4,5,3,4,3,3,3,5,4,4,5,4,4,5,5,3,4,3,4,4,4,4,3,3,3,3,3,4,4,4,4,4,4,5,4,5,4,5,4,4,4,4,4,4,4,5
528,2024,3,21,female,SK,education,0,4,4,4,2,4,4,4,4,4,4,4,4,4,4,4,3,3,3,4,4,4,4,4,2,3,2,2,2,3,3,4,2,2,2,0,0,0,0,0,0,3,3,0,5,0,3,3,4,4,4
529,2024,1,20,male,SK,IT,0,5,3,2,2,1,5,5,5,4,3,3,5,5,5,5,5,4,4,4,3,5,4,5,4,3,4,2,4,3,2,3,3,3,4,0,3,0,4,0,3,4,4,2,4,0,5,5,4,5,5
530,2024,1,20,female,SK,education,3,4,4,3,4,5,5,4,4,4,4,4,3,4,4,4,4,4,5,5,5,5,5,5,3,2,3,4,4,2,2,2,4,2,4,4,0,4,4,4,0,0,4,4,4,2,3,3,4,4,4
531,2024,3,24,female,SK,language,0,5,5,4,1,4,4,4,1,1,1,1,2,1,4,1,1,1,3,2,1,4,1,3,1,1,1,5,5,5,5,5,0,1,1,0,1,0,1,0,1,1,1,1,1,1,1,1,1,1,1
532,2024,3,21,female,SK,education,0,4,4,3,2,2,3,4,3,3,2,3,4,4,3,4,3,4,4,3,4,4,4,4,3,3,3,3,3,2,2,3,5,0,5,0,0,5,0,0,0,0,0,0,0,0,0,4,4,0,0
533,2024,1,24,male,SK,IT,0,5,5,4,5,3,5,5,5,5,4,5,5,5,5,5,5,4,4,5,5,5,5,5,5,5,5,2,2,2,2,2,5,2,4,0,0,0,4,0,0,4,4,4,4,4,4,5,4,5,4
534,2024,1,20,male,SK,IT,0,5,5,3,3,4,4,4,4,4,3,2,5,4,3,4,4,4,4,4,2,3,4,4,4,4,3,4,2,2,2,2,4,3,3,3,4,3,5,3,3,4,4,2,4,3,3,3,4,4,4
535,2024,3,22,female,SK,other,1,4,4,2,1,3,2,4,1,1,3,1,4,3,2,4,2,2,2,2,2,3,3,2,2,2,2,4,1,2,5,2,2,1,1,0,1,0,1,0,1,0,0,0,0,0,1,1,1,2,1
536,2024,4,24,male,SK,IT,15,4,4,3,4,4,4,4,4,4,3,4,5,3,4,4,3,4,5,3,4,3,4,4,3,4,3,2,2,1,2,2,4,3,3,3,3,3,4,3,3,3,4,3,4,3,3,4,4,4,5
537,2024,1,19,female,SK,education,0,4,5,4,1,3,4,4,4,4,4,4,5,3,3,4,3,4,5,5,4,4,4,4,3,2,2,4,4,3,3,3,0,0,0,0,3,0,4,0,0,0,0,0,0,0,0,3,3,4,5
538,2024,4,23,female,SK,management,0,5,5,5,4,3,5,5,5,5,3,4,4,4,4,4,4,4,4,4,4,4,4,4,4,4,4,1,1,1,1,1,4,3,0,0,4,0,4,0,0,0,0,0,0,0,0,3,4,4,4
539,2024,1,20,male,SK,IT,0,5,5,4,3,3,4,4,3,4,4,4,4,3,3,4,3,3,4,4,4,4,4,4,4,4,4,3,2,4,4,4,4,4,4,4,5,5,4,4,4,4,5,5,5,5,3,4,4,5,4
540,2024,1,20,male,SK,IT,0,5,5,4,2,4,5,5,4,3,4,4,5,4,4,5,4,4,4,5,4,2,4,5,4,4,4,3,2,1,2,2,0,4,4,4,3,3,4,3,4,3,4,4,4,3,3,4,5,4,4
541,2024,1,19,female,SK,IT,1,4,4,5,1,4,5,4,4,4,4,3,5,5,5,5,4,4,5,4,4,4,5,5,5,4,4,1,1,1,1,1,5,5,5,5,5,5,4,4,4,0,5,4,5,3,4,3,5,5,4
542,2024,4,22,female,SK,management,1,4,4,3,4,1,5,4,4,3,2,4,5,4,5,5,5,4,4,1,4,4,5,5,5,5,4,4,4,4,5,5,4,2,4,4,3,4,4,4,1,3,3,2,3,2,4,4,2,4,4
543,2024,2,21,female,SK,management,0,5,5,3,3,4,4,4,4,4,3,3,3,4,3,3,3,4,3,3,3,3,3,4,3,3,3,3,3,3,3,3,3,3,3,3,4,3,3,3,3,3,3,3,3,3,3,3,3,3,3
544,2024,1,20,male,SK,IT,0,5,5,4,5,3,4,4,5,5,4,4,4,4,4,5,4,5,4,4,4,4,5,5,4,4,4,3,3,2,2,2,4,4,4,4,4,4,5,4,4,4,4,4,4,4,4,4,5,5,5
545,2024,1,19,male,SK,IT,0,5,4,4,3,2,4,5,4,4,4,4,5,4,4,4,4,4,4,4,4,3,3,4,4,4,4,1,2,1,1,1,4,0,4,0,4,0,4,0,3,4,0,0,3,4,0,4,4,4,4
546,2024,3,42,male,SK,education,0,4,4,4,4,3,4,4,4,4,2,3,5,4,4,4,4,4,3,3,4,3,4,4,3,4,4,2,3,2,3,2,4,4,4,4,4,4,4,4,3,4,4,4,4,3,4,4,4,4,4
547,2024,2,20,female,SK,language,0,4,4,2,1,4,4,4,2,4,4,3,5,4,4,4,2,2,4,4,4,4,4,4,3,4,2,3,4,2,2,2,4,3,3,0,0,0,0,0,0,0,0,0,0,0,3,4,3,4,4
548,2024,2,47,female,SK,language,0,5,5,5,5,5,4,4,4,4,3,2,5,4,5,4,3,4,4,4,4,3,4,4,4,5,4,3,3,2,1,2,3,3,3,2,3,3,4,3,4,4,4,2,4,3,4,4,4,4,4
549,2024,2,22,male,SK,other,0,4,4,4,4,4,4,4,4,4,3,4,4,4,4,4,4,4,4,4,4,4,4,4,3,4,4,1,1,1,1,1,4,3,4,4,4,3,4,4,4,3,3,3,3,3,4,4,4,4,4
550,2024,1,19,male,SK,IT,0,5,5,3,5,4,5,5,5,5,4,4,5,5,4,5,5,5,4,5,5,4,4,5,4,5,5,2,4,2,1,5,4,3,3,3,5,3,5,4,4,5,5,3,3,3,4,5,5,5,5
551,2024,1,20,male,SK,IT,0,5,5,4,4,5,5,5,5,5,5,4,5,4,5,3,4,4,5,5,5,4,4,4,4,5,4,2,2,1,2,1,5,4,4,0,0,0,4,0,4,0,4,4,4,0,0,4,4,4,4
552,2024,1,27,male,SK,IT,20,5,5,4,4,3,5,5,4,5,5,5,4,5,5,4,4,3,4,4,5,3,4,5,5,5,5,1,2,1,1,1,0,5,5,0,4,0,4,0,4,5,5,5,5,4,5,3,4,5,5
553,2024,1,38,female,SK,IT,0,3,4,5,1,2,5,4,4,3,1,1,1,4,5,5,4,5,2,1,1,1,1,5,5,2,3,5,5,5,2,3,0,0,0,0,0,0,0,0,0,0,4,0,0,0,0,0,3,5,5
554,2024,1,17,male,SK,IT,0,4,4,3,2,2,4,3,3,4,3,3,4,3,4,3,4,3,4,4,4,4,3,4,2,4,3,2,2,2,2,2,4,4,3,3,3,3,3,3,3,3,3,3,3,3,4,4,4,3,4
555,2024,3,29,female,SK,other,2,5,5,4,3,4,3,4,4,3,3,4,4,3,3,4,3,4,3,3,4,3,3,4,3,3,3,3,3,2,3,3,3,3,4,3,3,3,4,3,2,3,5,4,4,4,4,3,4,4,4
556,2024,4,23,female,SK,other,0,4,4,4,2,3,5,5,5,5,4,4,5,4,4,4,3,5,4,2,4,3,5,5,4,3,5,2,2,1,1,1,5,3,3,3,5,0,5,0,5,0,0,0,0,0,0,5,5,5,5
557,2024,1,20,male,SK,IT,0,4,5,5,2,2,4,5,3,4,4,4,5,4,5,3,3,3,4,5,5,3,3,4,3,3,4,3,2,1,1,1,4,3,0,4,4,4,3,3,4,0,4,3,0,0,3,5,4,5,5
558,2024,1,19,male,SK,IT,0,5,5,4,3,4,5,5,5,5,3,4,5,5,5,4,4,4,4,4,4,4,4,4,4,4,4,3,3,3,3,3,0,0,0,0,5,5,4,4,4,3,3,3,3,3,3,3,3,3,3
559,2024,2,22,female,SK,IT,0,4,4,4,4,4,4,4,4,4,4,3,4,4,4,4,4,4,4,4,4,4,4,4,4,4,4,3,3,2,2,3,0,0,0,0,0,0,0,0,0,0,4,3,4,0,3,3,4,3,4
560,2024,5,26,male,SK,education,0,5,5,4,3,4,5,5,4,3,4,2,5,4,4,2,3,4,4,4,4,2,4,3,2,2,3,4,4,2,4,2,5,0,0,0,4,0,4,0,3,0,0,0,4,0,0,0,5,4,4
561,2024,1,21,male,SK,IT,0,5,5,4,4,4,5,5,4,4,5,3,5,5,5,5,3,4,3,4,4,5,4,4,5,5,4,3,4,2,3,2,0,0,0,0,5,0,0,0,0,0,0,0,0,0,4,0,0,0,0
562,2024,1,19,female,SK,other,0,5,4,4,2,4,3,4,3,4,3,3,4,4,4,3,2,3,4,3,4,3,5,3,4,4,4,4,3,2,4,4,4,4,4,4,4,4,4,4,4,2,2,2,1,3,3,3,3,4,4
563,2024,2,20,female,SK,language,0,5,5,1,1,5,5,3,1,1,3,4,3,3,2,1,3,3,5,5,4,4,4,3,1,1,2,2,2,2,2,2,0,0,0,0,3,0,4,0,0,0,0,0,0,0,0,2,4,2,2
564,2024,1,25,male,SK,management,0,4,4,4,4,4,4,5,5,5,5,5,5,5,5,5,5,3,4,5,5,5,5,4,4,4,4,3,4,3,3,3,4,0,0,0,0,0,0,0,0,0,0,0,0,0,3,4,4,5,5
565,2024,2,22,female,SK,education,0,4,4,2,2,2,2,2,2,2,2,2,2,2,2,2,2,2,2,2,2,2,2,4,4,2,4,2,2,2,2,2,2,2,2,2,2,2,2,2,2,2,2,2,2,2,2,2,2,2,2
566,2024,1,21,male,SK,IT,5,5,5,5,4,5,5,5,5,5,4,4,5,4,5,5,5,5,5,3,3,4,3,4,3,5,5,2,3,2,2,2,5,0,5,4,5,5,5,5,5,4,4,4,4,4,5,5,5,4,5
567,2024,2,23,female,SK,management,0,4,4,1,1,1,4,3,2,3,1,3,4,2,4,2,1,3,2,2,5,1,5,4,1,1,2,4,3,2,4,4,1,1,4,0,1,0,2,0,1,3,5,4,4,0,2,2,1,2,2
568,2024,3,21,female,SK,education,0,5,4,3,2,2,4,4,3,4,3,2,3,3,3,4,3,3,3,3,4,3,4,3,3,4,3,4,4,4,3,4,0,0,0,0,0,0,4,0,0,0,0,0,0,0,0,4,4,4,4
569,2024,2,22,female,SK,management,1,4,5,3,1,2,4,4,2,2,1,2,1,3,4,2,2,2,2,1,2,3,4,2,2,2,2,4,2,2,4,5,2,1,1,3,2,3,2,3,2,4,4,4,4,3,1,1,3,4,3
570,2024,2,22,female,SK,STEM education,0,4,3,2,2,2,4,4,3,4,2,3,4,2,4,4,4,2,4,4,4,4,4,4,2,3,3,2,3,2,2,2,2,2,4,3,3,3,4,3,3,2,4,2,4,2,3,3,3,4,4
571,2024,1,20,female,SK,language,0,5,5,4,2,2,4,4,4,4,2,2,4,4,4,2,2,4,3,2,5,3,3,4,3,2,4,2,4,4,4,4,2,2,2,3,2,3,3,3,2,3,4,2,4,3,4,4,4,4,3
572,2024,3,22,male,SK,education,0,4,3,3,4,2,1,2,2,2,2,3,4,3,3,2,2,2,1,2,1,3,2,3,1,1,2,2,1,1,2,2,2,2,2,2,2,2,2,2,1,4,5,4,4,4,2,1,2,2,2
573,2024,3,26,female,SK,IT,100,5,5,5,2,4,4,5,4,4,3,4,4,4,3,4,4,4,5,3,4,5,4,4,2,4,5,4,3,4,2,4,4,3,0,4,5,4,4,0,3,5,0,0,4,5,4,4,4,4,5
574,2024,1,21,other,SK,education,0,4,4,4,4,4,2,4,4,4,4,4,4,3,4,4,3,4,2,2,3,4,3,4,3,4,2,3,4,4,3,2,4,2,4,0,4,4,4,3,3,3,4,4,4,3,0,4,4,4,4
575,2024,2,23,female,SK,education,0,4,4,4,4,2,4,4,3,4,1,3,3,3,3,2,5,3,4,5,2,3,3,4,1,1,4,4,4,4,4,4,2,2,0,0,2,0,2,0,0,0,0,0,0,0,0,0,0,0,0
576,2024,2,21,female,SK,management,1,4,4,5,3,2,5,4,4,4,3,4,5,3,4,5,4,4,5,5,4,3,3,3,4,4,4,2,3,2,2,3,4,0,4,0,3,3,4,3,3,3,3,2,3,3,0,0,0,4,5
577,2024,1,27,female,SK,education,0,5,5,5,3,3,4,4,3,3,2,4,5,4,4,4,3,3,3,3,3,4,4,3,3,3,3,4,4,3,4,3,4,3,3,0,3,0,3,0,0,4,4,4,4,0,0,3,4,3,3
578,2024,1,19,female,SK,other,0,5,5,3,2,2,3,4,3,4,2,3,4,3,3,3,2,3,2,3,2,4,3,3,2,1,2,3,2,2,2,2,2,2,2,2,2,2,3,3,2,3,4,3,3,3,2,2,3,3,4
579,2024,2,22,female,SK,language,0,4,4,3,1,4,4,4,4,4,2,3,4,4,4,4,4,4,4,4,4,4,4,4,4,2,4,2,2,2,2,2,2,2,0,0,3,0,4,0,0,0,0,0,0,0,0,0,4,0,3
580,2024,1,19,male,SK,other,10,5,5,2,4,4,5,5,5,4,4,4,5,3,3,4,5,5,5,5,5,5,5,5,5,5,4,2,2,1,2,1,4,3,4,5,0,5,5,5,4,4,5,4,5,4,5,5,5,5,5
581,2024,3,30,female,SK,IT,2,4,5,2,1,2,5,3,2,4,4,1,5,4,4,5,3,2,1,2,4,1,4,4,2,4,5,3,5,1,4,3,5,4,0,2,2,5,3,2,3,1,5,4,4,4,4,3,4,4,4
582,2024,1,21,female,SK,education,0,2,4,5,1,2,4,5,3,4,5,3,5,4,4,4,2,2,4,3,3,3,4,4,3,2,3,5,5,4,5,5,4,0,0,0,3,0,4,0,3,0,3,4,2,1,4,4,4,4,0
583,2024,1,19,male,SK,IT,0,4,4,4,4,5,4,4,4,4,5,4,4,4,4,5,5,4,4,4,4,2,4,4,4,4,4,2,2,2,2,2,4,4,4,4,4,4,4,4,4,4,4,4,4,4,4,4,4,4,4
584,2024,3,24,male,SK,management,1,2,4,4,3,2,4,4,3,3,2,2,4,4,4,3,3,2,2,2,4,4,4,4,4,4,3,4,4,3,2,3,4,0,3,0,3,0,4,4,2,0,0,3,4,0,4,4,4,4,3
585,2024,1,20,female,SK,STEM education,0,4,4,4,2,3,2,4,3,3,2,4,5,4,5,4,3,2,3,4,4,5,4,4,3,2,3,2,2,1,2,1,0,0,0,0,0,0,0,0,0,0,0,0,0,0,0,0,0,4,4
586,2024,5,25,male,SK,education,0,5,5,5,3,4,5,5,4,5,3,4,5,5,5,5,3,5,5,5,5,3,3,5,4,4,4,1,4,2,1,1,3,3,4,0,4,0,5,0,4,4,4,2,4,0,5,5,5,5,5
587,2024,1,19,male,SK,IT,0,5,5,3,2,4,4,4,4,4,3,4,5,4,3,5,4,4,5,3,4,3,4,4,3,2,3,2,2,1,1,1,4,0,0,0,3,0,4,0,4,3,4,3,4,0,2,4,4,5,5
588,2024,1,21,female,SK,other,0,5,5,4,4,3,4,4,3,4,3,3,3,3,4,4,3,4,4,4,5,5,4,2,3,2,2,3,3,2,2,2,2,2,3,0,3,0,0,0,0,0,0,0,0,0,0,3,4,4,3
589,2024,1,20,male,SK,IT,1,4,4,4,4,4,4,4,4,4,4,4,4,4,4,4,4,4,4,4,4,4,4,4,4,4,4,4,4,4,4,4,4,4,4,4,4,4,4,4,4,4,4,4,4,4,4,4,4,4,4
590,2024,3,22,male,SK,other,0,4,4,4,2,4,4,4,2,4,3,3,4,3,3,4,2,4,4,3,4,3,3,3,2,2,2,2,2,2,2,2,2,2,2,4,3,0,3,4,2,2,2,2,2,2,3,2,3,4,4
591,2024,1,19,female,SK,IT,50,5,5,4,3,3,4,4,3,3,2,2,3,3,4,3,3,4,4,3,4,3,4,3,3,3,3,3,4,2,4,3,0,0,0,0,0,0,0,0,0,0,0,0,0,0,0,0,0,0,4
592,2024,1,30,female,SK,other,10,4,4,1,2,2,3,3,2,3,2,3,3,3,3,2,2,3,4,3,3,2,3,3,4,2,2,1,1,1,1,1,2,1,2,3,3,3,4,3,2,3,3,4,4,4,2,2,2,2,2
593,2024,1,20,male,SK,IT,0,4,4,4,4,4,3,4,3,2,3,4,4,4,4,3,3,3,4,3,4,4,4,4,3,4,3,4,3,3,4,4,5,2,5,5,5,4,5,3,4,3,3,4,4,3,4,4,4,3,3
594,2024,4,23,male,SK,IT,200,5,5,5,5,4,4,4,5,5,4,4,5,5,5,4,5,4,5,4,4,4,4,4,4,4,5,3,4,3,2,2,4,5,0,3,5,5,5,5,5,5,5,5,5,5,5,5,5,5,5
595,2024,3,45,male,SK,education,0,5,4,4,4,4,4,4,4,4,2,3,4,4,4,4,3,4,4,4,4,4,4,4,3,4,4,2,3,2,3,2,4,5,5,0,4,0,5,0,4,4,4,4,4,3,4,4,4,4,4
596,2024,2,18,male,SK,IT,3,4,4,2,2,3,3,4,4,3,2,2,1,3,2,3,1,2,4,3,3,4,1,4,2,4,3,2,3,1,1,1,2,4,4,3,4,4,4,4,3,3,4,3,4,3,4,4,4,3,2
597,2024,2,20,female,SK,education,0,5,5,3,3,4,5,4,2,3,4,4,4,4,4,4,3,3,5,4,5,5,5,5,5,5,5,3,2,2,2,2,4,0,0,0,4,3,4,3,3,0,4,0,4,0,5,5,4,4,4
598,2024,3,49,female,SK,IT education,0,4,4,5,4,3,2,2,3,4,4,4,3,3,4,4,4,3,3,2,2,2,2,4,4,4,4,4,4,3,4,4,4,4,4,4,1,1,4,4,4,4,4,4,4,4,4,4,3,3,3
599,2024,1,18,male,SK,IT,0,3,3,2,2,1,4,3,2,3,2,1,3,3,1,4,4,4,5,5,4,5,4,4,4,5,5,3,3,3,3,4,3,3,4,4,4,4,5,4,3,3,4,4,4,3,4,3,5,3,3
600,2024,1,19,male,SK,IT,1,4,3,3,2,2,3,4,4,4,3,4,4,3,3,4,3,2,3,4,2,3,3,4,4,4,4,3,3,2,2,2,3,2,3,3,3,3,4,4,4,3,4,4,4,3,4,2,3,5,4
601,2024,3,40,female,SK,education,0,4,4,4,3,4,4,3,3,4,3,3,4,3,4,3,3,3,3,4,4,4,3,4,4,4,4,2,2,2,2,2,4,3,4,3,4,3,4,3,3,3,4,3,3,3,4,4,4,4,4
602,2024,2,21,female,SK,education,0,5,5,4,2,4,5,3,5,5,2,4,5,5,4,3,3,5,2,5,5,3,5,5,2,2,1,3,4,3,2,1,5,5,5,5,5,5,5,5,5,5,5,5,5,5,5,5,5,5,5
603,2024,1,20,male,SK,IT,0,4,4,5,2,3,5,5,5,5,3,3,5,4,4,4,4,4,4,4,4,3,4,4,4,4,4,3,4,3,2,2,3,2,0,0,0,0,0,0,0,0,0,0,0,0,4,4,4,4,4
604,2024,4,24,female,SK,education,0,4,4,4,4,4,4,4,5,5,3,4,4,4,5,5,5,3,3,4,4,3,5,5,3,3,3,3,3,1,2,2,4,0,0,0,4,0,4,0,3,3,4,0,4,0,4,4,4,4,4
605,2024,3,50,female,SK,education,0,4,4,4,3,3,4,4,4,3,2,3,4,4,4,4,3,3,3,4,3,4,3,4,2,3,4,2,2,2,2,2,3,4,4,3,3,3,4,3,3,3,4,2,3,2,4,3,4,4,4
606,2024,1,23,female,SK,management,0,4,3,5,2,4,5,5,4,4,4,4,5,5,5,4,3,4,4,4,3,3,1,4,2,2,5,4,2,1,3,2,4,2,0,0,4,0,5,0,3,0,0,4,4,0,4,3,4,4,4
607,2024,1,20,male,SK,IT,0,5,4,4,4,3,2,4,4,4,3,4,4,4,4,4,3,4,4,4,4,4,4,4,4,3,4,2,2,2,2,1,5,4,4,0,4,4,4,0,4,3,4,2,4,3,3,4,4,4,4
608,2024,1,24,male,SK,IT,10,5,5,5,1,4,5,5,5,4,4,5,5,5,3,5,4,4,5,5,5,3,4,5,4,5,4,2,3,2,3,2,4,3,0,4,4,4,5,4,3,4,4,4,4,4,4,4,5,5,5
609,2024,5,24,female,SK,management,0,5,4,5,2,2,5,5,4,3,2,4,4,4,4,5,2,4,5,5,4,4,4,4,3,4,4,2,3,2,2,2,4,2,4,0,0,0,0,0,0,0,0,0,0,0,0,4,4,5,5
610,2024,2,25,female,SK,language,3,4,3,1,1,1,4,4,1,3,3,3,5,4,5,3,3,1,3,3,3,3,4,4,3,1,4,4,5,4,5,5,0,4,4,2,1,1,1,2,1,0,3,0,0,0,3,3,3,1,1
611,2024,1,19,male,SK,IT,20,5,5,3,2,3,5,4,4,3,4,4,5,4,4,3,3,4,4,3,3,4,3,4,3,3,4,2,3,2,1,1,3,3,3,3,3,3,4,3,2,3,5,3,5,3,4,4,4,5,5
612,2024,2,18,female,SK,management,90,4,4,4,4,5,4,4,4,4,5,4,4,4,4,5,5,4,4,4,4,2,4,4,2,2,5,2,2,2,2,2,4,4,4,4,4,4,4,4,4,4,4,4,4,4,4,5,4,4,4
613,2024,4,22,male,SK,education,8,5,5,3,3,4,4,4,3,4,4,4,5,5,5,3,3,3,4,2,4,5,4,4,2,4,4,4,4,4,2,2,4,4,4,4,2,3,4,2,2,0,0,0,4,3,3,4,4,0,0
614,2024,1,21,female,SK,IT,0,5,5,4,3,2,5,5,3,3,4,2,5,4,5,3,3,4,4,5,5,1,5,5,5,3,3,4,5,4,4,5,0,0,0,0,0,0,0,0,0,0,0,0,0,0,0,3,3,0,0
615,2024,4,25,female,SK,other,0,5,5,5,2,4,5,5,5,5,4,5,5,5,5,4,3,4,4,4,4,3,3,4,5,2,4,2,2,1,2,2,4,3,3,3,4,3,3,3,3,3,3,3,3,3,3,5,4,5,5
616,2024,1,18,male,SK,language,0,4,3,5,3,4,5,4,4,4,3,3,5,3,4,3,3,3,4,4,4,3,3,4,4,4,4,3,3,3,3,3,0,3,3,3,0,0,3,2,2,1,4,0,4,2,2,4,4,4,4
617,2024,5,23,female,SK,other,0,4,3,2,1,1,3,4,2,1,1,1,1,1,1,1,1,1,5,5,3,5,3,3,1,1,1,2,5,5,5,5,0,3,0,0,1,0,0,0,0,0,0,0,0,0,0,0,0,0,0
618,2024,2,20,female,SK,other,0,4,4,4,4,2,4,4,4,4,3,3,4,3,4,4,3,4,4,2,4,4,4,4,3,2,4,2,3,2,2,1,2,0,2,0,0,0,0,0,0,0,0,0,0,0,0,2,2,5,5
619,2024,1,20,male,SK,IT,0,5,3,5,5,3,4,5,5,5,4,3,5,4,3,1,2,5,5,5,5,4,5,3,1,4,3,2,2,2,1,1,3,0,3,3,0,0,0,0,0,2,4,0,0,0,3,4,5,5,5
620,2024,3,38,female,SK,IT education,3,5,5,5,2,5,5,4,4,3,3,2,4,4,4,4,3,4,4,3,4,2,4,4,4,3,4,5,2,2,4,3,3,4,5,4,4,4,4,4,3,3,4,3,3,3,3,3,4,4,5
621,2024,2,24,male,SK,education,1,5,5,5,5,5,5,5,5,5,3,5,5,5,5,5,5,5,5,5,5,5,5,5,5,5,5,2,4,1,1,1,0,0,0,5,5,5,5,5,5,5,5,5,5,5,5,5,5,5,5
622,2024,4,23,female,SK,management,0,5,5,4,2,4,4,4,4,4,3,2,4,3,4,4,4,5,2,2,2,3,4,4,4,2,3,5,2,2,2,4,2,4,4,4,4,4,4,4,4,4,4,4,4,4,4,5,5,4,4
623,2024,1,22,male,SK,education,0,5,5,3,2,4,4,4,1,3,1,1,4,4,4,1,3,3,1,1,1,3,4,1,3,1,3,1,1,1,1,1,4,0,0,0,2,0,2,0,1,0,0,0,0,0,4,1,4,1,2
624,2024,2,22,female,SK,education,1,5,5,5,5,5,5,5,5,5,5,4,4,4,3,4,3,4,4,4,4,3,3,3,4,3,3,2,2,2,2,2,4,2,0,0,4,0,0,0,0,0,0,3,0,0,3,4,4,4,4
625,2024,5,34,female,SK,education,0,4,3,4,5,3,4,5,4,5,3,4,5,5,5,5,4,4,4,4,5,3,5,5,5,3,4,2,3,2,2,2,4,0,0,0,4,0,5,0,4,0,4,0,4,0,4,4,5,5,4
626,2024,1,17,male,SK,IT,2,5,5,1,1,4,4,4,4,4,4,2,4,4,4,4,4,4,4,4,3,3,2,2,4,2,3,4,4,4,4,1,4,4,4,4,4,4,4,4,4,4,4,2,5,2,4,3,0,5,2
627,2024,1,20,male,SK,IT,2,4,4,4,4,3,5,5,4,4,2,4,5,4,4,5,4,4,4,4,3,3,4,5,3,4,4,2,4,2,4,2,4,0,4,4,0,0,0,0,0,0,0,0,4,0,3,4,4,5,4
628,2022,3,21,female,CZ,IT,10,5,5,4,4,5,5,5,4,5,3,3,5,5,5,4,4,4,5,5,4,3,4,5,5,5,5,3,2,2,3,3,4,4,4,5,4,5,5,4,3,4,5,4,4,3,4,4,4,4,4
629,2022,2,22,male,CZ,IT,0,4,4,2,2,2,3,4,3,4,3,4,3,3,4,2,4,3,5,4,4,3,3,4,5,4,3,2,3,3,2,1,5,5,3,3,0,0,3,0,0,0,4,4,4,0,0,3,3,0,3
630,2022,3,21,female,CZ,IT,4,4,4,3,4,3,5,3,4,4,3,3,4,5,4,5,3,3,5,4,4,4,4,4,3,3,3,4,4,3,2,3,4,3,4,3,3,4,4,3,3,3,4,3,4,4,0,3,4,4,4
631,2022,1,25,male,CZ,IT,70,5,5,5,5,5,5,3,4,3,4,3,4,4,5,4,5,3,4,5,3,3,3,5,5,4,5,2,2,2,2,2,0,0,0,0,0,0,4,0,0,3,4,3,4,0,3,4,4,5,5
632,2022,1,38,female,CZ,IT,150,5,5,3,4,5,4,4,4,4,3,3,4,5,5,3,5,4,4,4,4,3,4,4,4,5,4,3,3,3,3,3,5,5,5,4,5,5,0,4,5,3,5,4,4,3,4,4,4,3,4
633,2022,2,21,female,CZ,management,0,3,4,4,4,2,4,5,3,3,2,1,4,3,2,2,2,3,3,4,4,3,4,4,4,2,1,4,4,3,3,4,1,1,1,3,3,3,4,3,2,3,3,1,1,1,3,2,2,4,4
634,2022,2,20,female,CZ,management,0,4,4,3,2,2,3,4,2,3,3,3,3,2,4,3,1,1,5,5,4,4,3,1,1,1,1,3,3,3,3,3,2,2,2,2,3,3,3,3,3,3,3,3,3,3,1,1,1,1,1
635,2022,2,21,male,CZ,management,0,5,5,4,3,3,5,5,4,3,2,4,4,3,3,2,3,2,4,5,3,4,3,2,2,2,3,3,2,1,2,1,3,2,1,3,3,3,4,3,1,3,3,3,4,4,3,3,3,4,4
636,2022,1,20,male,CZ,IT,0,5,5,5,2,4,5,5,5,5,5,3,5,5,5,5,5,2,4,5,5,4,5,5,5,4,5,2,2,1,2,4,5,0,0,0,0,0,0,0,0,3,4,3,4,3,0,4,0,3,3
637,2022,1,20,male,CZ,IT,0,5,5,5,5,5,4,4,4,4,3,1,3,4,4,2,4,4,4,4,4,4,4,4,2,4,4,4,4,4,1,1,4,4,3,0,4,0,4,0,3,0,0,4,4,0,4,5,4,4,5
638,2022,3,23,male,CZ,IT,3,5,5,5,3,5,5,3,4,5,3,4,5,3,3,2,2,3,4,4,3,3,4,4,4,2,3,3,3,3,4,3,3,3,3,3,3,3,3,3,3,3,3,3,3,3,3,3,3,3,3
639,2022,3,22,male,CZ,IT,0,4,4,1,5,4,5,3,1,3,4,1,3,4,5,4,5,4,5,4,3,2,2,5,4,4,3,3,2,3,2,2,4,3,5,3,3,3,3,3,4,5,5,3,4,3,3,3,4,4,4
640,2022,1,21,male,CZ,IT,0,5,5,3,2,4,4,4,3,4,4,3,4,4,4,2,3,3,3,4,5,4,5,5,2,3,4,5,2,3,4,4,2,1,5,0,0,0,4,0,0,2,4,1,5,0,0,3,3,3,5
641,2022,1,21,male,CZ,IT,0,5,5,5,5,4,4,4,4,4,3,5,5,5,5,5,4,3,4,4,3,1,4,5,4,4,4,2,2,4,2,2,3,3,3,3,0,0,0,0,0,0,0,0,5,0,3,3,4,4,4
642,2022,1,24,male,CZ,IT,24,5,5,4,3,2,4,4,3,4,2,2,3,3,5,3,4,4,5,5,3,3,3,4,4,3,3,4,4,3,3,2,4,2,4,3,3,4,4,4,3,3,4,2,4,1,3,3,4,4,4
643,2022,2,19,male,CZ,IT,0,4,5,3,3,4,4,4,3,3,2,3,5,3,4,3,3,3,5,5,3,3,4,3,3,2,3,3,2,2,2,2,2,1,0,0,0,0,3,0,0,3,4,2,4,2,1,3,3,3,3
644,2022,3,22,male,CZ,IT,0,5,5,4,3,4,4,4,2,3,3,4,5,4,5,5,2,4,5,5,5,4,4,5,4,4,4,3,4,2,1,1,4,4,0,0,4,0,4,2,0,3,4,4,5,0,4,4,4,4,5
645,2022,2,20,female,CZ,IT,0,5,5,5,1,4,4,4,4,4,4,2,5,4,4,2,3,4,5,5,4,5,5,4,4,3,3,4,3,2,4,2,0,0,0,0,0,0,0,0,0,0,0,0,0,0,0,0,0,0,0
646,2022,2,22,female,CZ,IT,0,4,4,3,2,4,5,4,3,4,3,4,4,3,4,2,3,2,5,5,3,4,3,5,4,3,4,2,2,2,1,1,3,3,3,3,3,3,3,3,3,3,3,3,3,3,3,3,3,3,3
647,2022,3,22,female,CZ,IT,0,4,4,4,2,3,4,4,2,3,2,3,4,4,4,3,3,3,5,4,3,3,3,4,3,2,2,2,3,2,4,4,3,2,3,2,2,3,3,3,3,3,3,3,3,3,2,2,2,2,2
648,2022,2,21,male,CZ,management,0,5,5,5,3,2,4,4,3,3,4,3,3,3,4,3,3,3,4,4,3,3,3,4,4,2,3,3,4,3,3,3,0,0,0,0,0,0,0,0,0,0,0,0,0,0,0,0,0,0,0
649,2022,1,23,female,CZ,IT,100,4,4,3,5,5,4,4,4,4,3,2,3,4,5,3,2,2,3,3,3,3,4,4,2,2,4,4,2,2,2,2,4,3,4,2,3,4,4,2,3,0,4,4,4,2,4,0,4,4,4
650,2022,1,56,male,CZ,IT,0,5,5,4,1,3,4,3,3,1,3,2,4,4,4,3,3,4,1,2,4,1,3,3,3,4,4,5,3,2,3,2,3,0,0,0,0,0,0,0,0,0,0,0,0,0,0,4,4,4,3
651,2022,3,23,male,CZ,IT,2,4,4,4,5,3,5,5,5,5,4,4,5,4,5,3,5,4,5,5,5,5,5,4,3,3,5,2,4,1,4,2,5,0,2,5,3,0,5,3,4,3,4,4,3,0,3,5,5,5,5
652,2022,3,22,male,CZ,IT,2,5,5,4,2,5,4,4,4,3,4,4,3,5,5,5,5,3,5,5,5,4,5,5,4,4,5,1,1,1,1,1,5,5,5,0,5,0,5,0,4,4,4,3,4,3,5,5,5,4,4
653,2022,4,25,female,CZ,IT,50,5,5,3,2,2,5,5,5,5,4,4,3,4,4,3,2,4,5,5,5,4,3,3,4,1,3,2,1,1,1,1,3,3,3,2,3,4,4,2,1,0,4,4,4,0,2,3,2,0,0
654,2022,2,22,male,CZ,IT,6,5,5,4,5,4,4,4,4,4,4,4,5,4,3,2,4,1,4,5,4,4,4,4,4,1,2,2,1,1,1,1,3,2,3,3,2,3,2,3,2,2,3,4,2,2,2,3,2,2,3
655,2022,2,22,male,CZ,IT,6,5,5,5,5,5,5,5,5,5,5,5,5,5,2,5,5,5,5,5,5,5,5,4,5,4,4,1,2,1,1,1,5,4,4,0,5,0,5,0,4,0,0,0,5,0,0,4,4,4,5
656,2022,2,21,male,CZ,IT,1,5,5,5,2,2,5,5,2,4,3,2,5,4,5,4,4,3,5,5,4,1,4,5,4,4,3,4,2,2,1,1,2,2,3,4,3,4,4,3,2,2,4,3,4,3,3,4,4,2,4
657,2022,2,22,male,CZ,IT,0,5,5,4,5,4,4,5,5,4,3,3,4,3,4,3,3,3,4,4,4,4,3,3,3,3,4,3,2,1,2,1,4,4,0,3,4,3,4,3,3,3,5,4,4,2,3,3,5,4,3
658,2022,2,21,male,CZ,IT,30,5,5,3,4,4,5,4,4,4,4,4,5,5,5,4,5,5,3,4,4,2,4,5,5,5,4,4,3,1,2,1,3,4,4,5,4,5,5,2,4,4,4,3,4,3,4,5,4,3,4
659,2022,2,20,female,CZ,IT,2,4,4,2,4,4,4,4,3,4,3,4,3,4,4,3,3,2,4,4,4,3,4,3,4,2,3,2,3,2,2,2,3,3,5,4,4,4,4,3,3,2,4,2,3,2,3,4,4,3,4
660,2022,2,23,male,CZ,IT,0,4,4,4,3,3,4,4,3,4,3,2,4,3,3,3,3,4,3,2,2,1,2,3,3,3,2,2,2,2,2,2,0,0,0,0,0,0,0,0,0,0,4,2,3,0,3,3,3,3,4
661,2022,2,20,male,CZ,management,5,5,4,5,2,1,4,5,4,5,4,4,5,5,4,4,4,4,5,5,5,4,5,4,5,5,4,2,2,1,1,1,0,0,0,0,4,0,0,0,0,3,3,4,4,0,0,5,4,4,4
662,2022,1,20,male,CZ,IT,0,5,4,5,1,3,5,4,5,5,4,4,4,4,5,4,3,3,5,5,5,1,3,4,4,4,3,2,1,1,2,1,5,0,0,0,0,0,5,0,0,3,4,2,4,0,5,4,4,5,5
663,2022,2,23,male,CZ,IT,0,5,5,5,5,5,4,4,4,3,3,4,4,4,5,3,4,2,4,4,4,3,4,4,4,4,4,4,3,1,2,2,4,0,4,0,0,0,0,0,0,4,5,4,5,0,0,4,0,4,4
664,2022,3,21,male,CZ,IT,5,5,4,4,4,2,4,4,4,4,3,4,4,5,5,3,5,4,5,4,4,4,4,4,3,4,4,2,3,1,1,2,4,0,4,3,4,3,4,2,4,4,4,3,4,4,3,4,5,4,4
665,2022,3,22,female,CZ,IT,0,5,4,5,2,3,5,5,5,4,4,3,5,4,5,3,3,4,4,5,4,4,4,4,3,2,3,3,4,3,4,2,0,0,0,0,0,0,0,0,0,0,0,0,0,0,0,0,0,0,0
666,2022,2,21,male,CZ,IT,6,4,4,5,4,1,4,4,4,4,2,2,4,5,4,3,4,4,4,3,2,2,3,5,4,5,5,3,2,2,2,2,5,4,3,4,4,3,4,4,3,2,3,3,4,3,4,4,4,2,4
667,2022,1,19,male,CZ,IT,0,5,5,5,5,5,4,4,4,3,4,3,4,4,4,4,3,3,4,4,4,3,4,4,3,3,4,4,3,3,3,2,4,3,3,0,0,0,0,0,0,0,0,0,0,0,3,0,4,3,4
668,2022,1,23,male,CZ,IT,0,4,5,4,2,2,5,5,5,3,3,4,4,3,4,3,3,4,4,4,4,4,3,3,4,3,3,3,4,3,3,3,5,5,0,4,3,3,3,3,3,2,2,2,4,3,3,3,4,3,3
669,2022,1,35,male,CZ,IT,0,4,4,4,2,3,4,4,3,3,4,3,4,5,4,2,3,3,4,4,4,3,3,4,4,4,4,3,3,2,2,1,3,3,3,3,3,3,4,3,3,3,4,4,4,4,3,3,3,3,3
670,2022,1,23,female,CZ,IT,0,5,5,4,2,3,5,4,5,5,5,5,5,4,5,5,5,4,3,3,2,1,2,5,5,5,5,1,1,1,1,1,5,4,5,0,5,0,0,0,5,5,5,5,5,0,5,5,5,4,4
671,2022,1,21,male,CZ,IT,0,5,5,5,3,4,3,4,5,4,4,4,3,4,5,3,5,4,3,4,4,3,3,4,5,3,3,5,4,1,3,2,3,0,0,5,4,5,0,0,0,3,5,3,5,5,3,3,4,5,5
672,2022,2,21,male,CZ,management,0,4,5,4,3,5,5,5,3,4,5,4,5,3,2,1,3,5,5,5,5,4,3,2,3,1,2,4,3,3,1,1,4,1,1,0,2,0,3,0,1,0,0,0,0,0,0,0,0,0,0
673,2022,2,20,male,CZ,IT,6,4,4,3,3,4,4,4,3,4,3,2,4,3,4,4,3,3,4,4,4,3,3,4,4,3,3,4,4,4,3,3,0,0,0,0,0,0,5,0,0,0,0,0,0,0,0,0,0,0,0
674,2022,2,21,male,CZ,IT,40,5,5,4,4,4,5,4,5,5,4,4,4,5,5,3,5,4,4,4,4,4,3,5,4,4,4,2,2,1,1,1,4,4,5,4,5,4,5,3,4,4,4,4,4,4,4,4,0,3,4
675,2022,2,20,female,CZ,management,0,5,4,5,5,1,5,5,4,4,3,4,5,3,4,3,3,4,5,5,3,4,4,5,3,2,2,3,4,3,4,2,3,3,4,0,3,4,4,4,2,4,4,3,4,3,3,3,4,5,5
676,2022,1,21,male,CZ,IT,0,5,5,3,5,4,5,5,5,5,5,3,4,4,5,4,4,5,5,4,4,2,5,4,3,3,4,4,3,2,1,1,0,0,0,0,0,0,0,0,0,0,0,0,0,0,3,4,3,5,4
677,2022,2,20,female,CZ,management,0,4,4,3,4,2,5,3,3,4,3,4,4,3,4,2,4,3,5,5,3,4,3,3,3,2,3,3,2,2,4,1,0,0,0,0,0,0,4,0,0,0,0,0,0,0,0,0,0,3,4
678,2022,1,22,male,CZ,IT,0,5,5,4,5,3,5,4,4,3,4,4,5,5,5,3,5,5,5,5,3,2,3,5,5,3,4,3,3,1,3,3,5,5,3,0,0,0,5,0,0,2,5,3,3,0,0,4,4,4,4
679,2022,2,20,male,CZ,IT,2,4,3,5,2,4,5,4,5,3,4,2,5,4,5,4,4,3,5,4,5,2,3,4,4,3,3,1,2,1,1,1,4,3,5,4,4,3,4,3,3,0,4,0,4,2,3,4,5,5,5
680,2022,1,20,female,CZ,it,5,5,5,5,2,5,5,4,5,4,5,3,5,4,4,5,5,4,5,4,3,2,4,4,4,4,4,4,3,1,2,2,4,4,3,3,4,3,4,3,4,0,0,4,4,2,4,4,4,3,4
681,2022,2,21,male,CZ,management,0,5,4,4,4,3,4,4,4,3,4,4,4,4,4,3,4,4,5,5,3,4,4,3,3,3,3,2,2,2,2,2,3,3,3,3,3,3,3,3,3,3,3,3,3,3,3,3,3,3,3
682,2022,2,20,male,CZ,management,0,4,4,4,4,4,4,4,4,4,4,4,4,4,4,4,4,4,4,4,4,4,4,4,4,4,4,2,3,2,2,2,4,0,3,3,4,3,4,0,0,0,0,0,0,0,0,0,0,4,4
683,2022,2,21,male,CZ,management,0,4,4,4,5,2,4,4,4,4,4,4,4,4,4,3,4,4,5,4,4,4,4,4,4,3,4,2,2,2,2,2,4,3,3,0,0,0,4,0,0,0,4,4,4,3,0,3,3,4,4
684,2022,1,19,female,CZ,IT,0,5,5,4,3,3,4,3,2,4,4,3,3,4,4,3,4,4,5,5,4,3,4,2,4,4,2,3,2,2,2,2,4,5,3,3,4,0,5,0,0,0,0,0,0,0,2,2,4,3,3
685,2022,2,21,male,CZ,IT,0,5,5,5,5,4,5,5,5,4,4,4,5,4,4,4,3,4,5,5,5,4,4,4,2,3,5,2,2,1,1,2,5,0,0,0,0,0,4,0,0,4,5,5,5,5,0,4,5,5,5
686,2022,2,21,male,CZ,IT,0,5,5,5,5,5,5,5,5,5,4,4,5,4,4,4,3,4,5,5,5,4,4,4,2,3,5,2,2,1,1,2,5,0,0,0,0,0,4,0,0,4,5,5,5,5,0,4,5,5,5
687,2022,2,21,female,CZ,management,0,4,4,2,2,3,4,4,3,4,3,4,4,3,3,2,2,3,4,4,4,4,3,3,3,4,2,4,3,2,3,3,2,2,3,3,2,3,3,3,2,3,3,3,3,3,2,2,2,2,2
688,2022,2,20,male,CZ,management,0,5,5,5,5,3,4,5,4,4,3,3,4,3,4,3,3,3,5,5,3,3,3,4,3,2,3,5,4,3,3,2,0,0,0,0,0,0,0,0,0,0,0,0,0,0,0,0,0,0,0
689,2022,1,21,male,CZ,IT,0,5,5,4,3,5,5,5,3,5,3,3,4,4,5,3,3,4,5,5,5,4,4,4,5,5,4,2,1,1,1,2,4,4,4,3,3,3,5,3,3,5,5,5,5,3,4,5,5,3,4
690,2022,3,22,male,CZ,IT,0,5,5,5,5,5,5,5,5,5,3,5,5,5,5,5,5,5,5,5,5,3,5,5,5,5,5,2,2,2,1,1,0,2,3,1,3,3,5,3,3,3,3,3,3,3,3,3,3,3,3
691,2022,2,21,male,CZ,IT,0,4,4,3,4,4,5,5,4,4,4,2,3,3,4,3,3,3,4,5,4,4,3,4,5,4,4,5,2,2,2,2,4,2,0,0,0,0,5,0,0,2,4,4,3,0,3,3,5,3,3
692,2022,1,46,male,CZ,IT,0,5,5,3,3,4,4,4,4,4,3,4,5,4,4,4,4,3,5,5,4,3,4,4,3,3,3,3,2,1,1,1,3,3,0,0,0,0,0,0,0,0,0,0,0,0,0,0,4,3,4
693,2022,2,20,male,CZ,IT,0,5,4,4,4,3,4,4,4,3,3,2,2,3,4,2,4,2,5,4,3,3,4,5,2,4,3,2,4,1,2,1,5,0,3,0,4,0,5,0,3,0,4,0,5,0,3,4,5,3,3
694,2022,2,19,female,CZ,IT,0,5,5,4,2,4,2,3,4,3,3,2,4,4,4,5,4,4,5,4,3,4,4,4,4,4,3,4,2,1,2,2,5,4,4,3,4,3,4,3,3,3,4,3,3,3,3,3,4,4,4
695,2022,1,22,male,CZ,IT,0,5,5,5,5,4,5,5,5,5,5,2,5,5,5,3,4,5,5,5,5,1,5,4,3,3,4,4,1,1,1,1,5,4,4,0,5,0,5,0,4,0,5,2,4,2,4,2,5,5,5
696,2022,3,26,male,CZ,IT,24,5,5,5,5,5,5,5,4,4,4,3,5,3,5,3,2,4,4,4,5,4,3,4,4,2,2,2,2,2,2,1,3,2,4,4,4,5,5,2,0,2,4,4,4,2,2,2,4,4,3
697,2022,2,21,male,CZ,IT,10,5,5,5,2,4,3,4,5,4,3,3,4,5,4,3,4,2,4,3,4,3,4,4,4,4,3,3,2,2,2,1,4,4,5,5,3,4,4,4,3,3,4,2,4,2,4,3,4,5,5
698,2022,1,20,female,CZ,management,0,5,5,3,5,4,3,3,3,2,2,3,4,4,3,3,2,2,4,3,3,4,4,2,3,2,2,2,3,2,2,3,0,0,0,0,3,0,3,0,0,0,0,0,0,0,0,0,4,3,3
699,2022,2,29,female,CZ,IT,30,1,1,1,1,1,1,1,1,1,1,1,1,1,1,1,2,1,1,1,1,4,1,1,1,1,1,5,5,5,5,4,1,1,1,1,1,1,1,1,1,1,1,1,1,1,1,1,1,1,1
700,2022,1,20,male,CZ,IT,0,4,5,4,4,5,2,3,4,4,2,2,4,4,4,3,3,3,5,4,4,4,4,4,3,3,4,4,4,3,2,2,4,5,5,3,0,0,5,0,0,0,5,4,0,0,3,3,4,4,4
701,2022,2,19,male,CZ,IT,20,5,5,5,1,5,5,4,4,2,5,2,5,5,5,5,5,4,5,1,3,5,4,4,5,5,5,3,3,3,2,1,5,4,4,3,4,4,4,3,4,3,4,3,4,5,0,5,5,3,4
702,2022,3,22,female,CZ,IT,0,5,5,5,5,5,4,2,2,3,2,2,3,3,4,3,3,4,4,2,4,3,4,3,3,2,2,4,3,2,3,4,4,0,4,0,3,4,4,4,0,3,4,4,4,3,2,2,3,4,4
703,2022,7,24,male,CZ,IT,40,5,5,5,1,3,4,4,4,4,3,3,5,5,5,3,5,4,2,2,4,3,4,4,3,4,3,2,2,2,3,4,4,2,3,2,3,3,4,2,3,2,5,4,4,2,2,3,4,3,4
704,2022,7,23,male,CZ,IT,24,4,5,4,3,4,4,5,4,4,2,4,4,4,4,3,3,4,2,4,4,4,4,4,3,4,3,2,1,2,2,2,4,4,3,4,3,5,4,3,3,3,5,2,3,2,3,3,4,4,4
705,2022,2,25,male,CZ,IT,24,5,5,3,2,5,4,5,3,4,3,3,3,3,4,4,3,3,3,3,4,3,4,4,3,3,3,3,4,2,4,3,2,2,4,4,3,3,4,4,3,4,4,2,4,2,2,2,4,3,4
706,2022,2,25,male,CZ,IT,50,5,5,5,3,5,5,5,4,4,3,3,4,4,4,4,4,3,3,4,3,3,4,4,4,4,4,1,1,1,1,1,4,3,4,4,4,4,4,4,3,4,5,4,5,3,4,3,4,2,3
707,2022,5,24,male,CZ,IT,120,5,5,3,4,3,3,5,4,5,1,1,5,4,4,5,4,4,2,2,3,3,5,5,5,4,4,5,3,2,3,3,4,3,3,4,4,5,5,4,3,2,3,3,4,3,4,4,4,4,3
708,2022,2,22,male,CZ,IT,0,5,4,4,2,3,4,3,3,3,3,3,3,3,3,3,2,2,5,4,4,4,4,3,3,1,1,2,3,2,3,2,2,1,3,3,3,3,3,3,3,3,3,3,3,3,3,3,3,3,3
709,2022,2,21,male,CZ,IT,0,4,4,3,2,4,4,4,5,4,3,2,5,4,4,3,4,4,4,4,4,5,5,4,4,4,4,3,4,2,2,2,4,3,2,3,4,3,4,3,4,3,4,2,3,1,4,4,5,5,5
710,2022,4,23,male,CZ,IT,40,4,5,5,1,5,5,5,5,4,2,5,4,2,5,4,1,1,2,5,5,5,4,4,2,1,1,2,4,5,1,1,2,0,2,5,5,0,2,5,1,1,0,1,4,1,1,1,1,0,0
711,2024,3,22,female,CZ,management,0,5,5,4,2,2,4,4,3,4,2,3,5,4,4,3,3,4,4,3,4,3,5,4,4,2,3,3,2,2,3,4,2,0,0,0,0,0,0,0,0,0,0,0,0,0,0,2,0,4,3
712,2024,3,20,male,CZ,IT,0,5,5,5,3,3,4,4,4,3,4,3,5,3,4,3,3,3,5,4,3,2,4,4,4,3,3,4,4,2,3,3,3,3,0,3,3,0,4,0,0,3,4,2,3,2,3,4,4,4,4
713,2024,3,22,male,CZ,IT,40,5,4,5,1,3,5,5,5,5,1,3,4,3,4,2,1,3,5,4,3,3,4,4,4,1,1,1,1,1,1,1,5,1,3,3,3,5,3,3,1,1,4,3,3,3,1,1,4,4,4
714,2024,3,23,female,CZ,management,0,5,4,3,2,2,4,4,4,4,3,2,5,5,4,3,3,4,4,5,5,4,4,4,3,3,4,4,4,3,3,4,4,3,4,4,3,3,4,3,3,3,3,3,3,3,3,3,3,3,3
715,2024,4,22,male,CZ,IT,10,5,5,5,4,3,5,5,5,5,3,4,4,5,4,4,4,4,4,4,4,4,4,4,3,4,4,2,2,2,2,2,5,5,5,5,5,4,4,4,0,4,4,4,4,4,4,4,5,4,4
716,2024,3,21,female,CZ,IT,46,5,5,4,2,4,4,5,3,4,2,2,4,3,4,2,2,1,5,2,4,4,4,3,2,1,1,4,3,2,4,1,3,3,5,3,2,3,4,3,3,5,5,4,4,4,3,3,4,4,4
717,2024,3,22,male,CZ,IT,48,5,5,4,2,3,5,5,5,5,4,5,5,4,4,4,4,5,5,5,5,5,5,4,3,3,3,3,2,2,1,2,3,3,3,3,4,4,5,4,4,2,4,3,4,3,3,5,5,5,5
718,2024,2,21,female,CZ,management,2,5,4,4,2,2,5,4,3,4,3,3,5,4,4,4,3,3,3,4,4,3,4,5,3,3,3,4,3,3,4,3,3,2,0,0,3,0,4,0,0,0,0,0,0,0,0,3,4,5,3
719,2024,3,22,male,CZ,IT,1,4,4,3,2,4,4,4,2,4,3,2,4,4,4,2,2,2,4,4,4,1,2,4,4,2,2,3,2,2,5,4,2,2,2,1,2,4,2,1,2,3,4,2,3,2,1,2,3,3,3
720,2024,3,21,female,CZ,management,0,3,3,3,3,3,4,4,4,4,4,3,4,4,4,3,4,3,4,4,4,4,4,4,3,3,4,2,3,3,2,3,2,2,2,2,3,3,3,3,3,3,3,3,3,3,3,3,3,3,3
721,2024,3,23,male,CZ,management,0,5,5,5,1,5,5,5,5,5,5,5,5,5,5,5,5,5,5,5,5,5,5,5,5,5,5,5,5,3,3,3,0,1,0,1,0,0,0,0,0,0,0,0,0,0,0,0,0,0,0
722,2024,3,22,female,CZ,management,0,4,3,4,5,3,4,4,2,4,3,4,5,4,4,3,3,4,3,5,4,3,4,4,3,2,3,2,2,2,1,1,0,0,0,0,0,0,0,0,0,0,0,0,0,0,0,0,0,5,5
723,2024,3,23,female,CZ,management,1,5,4,4,2,4,4,4,4,4,2,2,4,5,5,4,4,3,4,4,5,5,4,4,2,4,4,4,1,2,4,4,4,3,3,3,4,4,4,2,3,3,3,4,4,4,4,4,4,3,3
724,2024,3,22,male,CZ,IT,1,5,4,4,2,2,5,5,4,4,2,4,3,4,4,4,4,5,5,4,4,3,4,5,4,4,4,4,1,1,1,1,0,0,1,4,4,4,4,0,1,0,0,4,4,3,3,3,5,5,5
725,2024,5,24,male,CZ,IT,20,5,5,5,2,4,4,4,4,4,3,1,4,4,3,4,4,3,3,1,3,3,3,3,4,2,2,4,4,4,3,3,2,1,1,3,2,2,4,4,2,3,3,3,4,3,2,2,2,5,5
726,2024,5,25,male,CZ,IT,300,5,5,4,5,2,5,5,5,5,3,4,5,5,5,4,3,4,5,4,5,3,4,5,4,3,4,3,2,1,2,1,4,3,2,4,4,4,5,3,4,2,4,1,3,2,3,5,5,5,5
727,2024,2,21,male,CZ,IT,1,5,5,4,5,5,5,5,4,4,3,2,5,5,5,3,5,4,5,4,5,4,5,5,5,3,4,2,4,2,1,1,5,5,5,4,5,5,5,4,5,0,0,0,0,0,5,4,4,4,4
728,2024,2,39,female,CZ,IT,100,5,5,5,3,4,4,4,3,3,3,3,4,4,4,3,3,4,4,4,4,4,4,5,5,3,5,4,3,3,3,3,5,5,5,3,4,3,5,3,3,0,4,3,4,3,4,4,4,4,4
729,2024,5,26,female,CZ,IT,60,5,5,5,2,2,5,5,5,3,3,3,3,4,4,4,3,3,5,5,5,3,4,4,2,2,3,3,3,3,2,2,2,3,3,4,3,4,4,3,2,3,5,4,4,2,2,3,4,4,5
730,2024,2,21,male,CZ,IT,100,4,4,4,4,4,4,4,4,4,3,3,4,4,3,4,4,4,4,4,4,3,4,5,4,3,4,4,3,3,2,2,4,4,3,4,4,4,4,4,4,4,4,3,4,3,4,4,4,4,4
731,2024,1,21,male,CZ,IT,0,5,4,3,2,4,5,4,4,4,2,5,5,3,4,4,2,4,2,4,5,1,2,3,3,2,2,3,4,3,3,4,2,1,1,3,2,3,2,3,1,3,4,2,2,1,3,3,4,5,5
732,2024,2,21,male,CZ,IT,0,5,5,5,1,3,5,5,5,5,5,4,5,4,4,5,3,5,3,4,5,4,5,4,4,3,4,4,4,3,2,1,0,0,0,0,0,0,0,0,0,0,0,0,0,0,0,0,0,5,5
733,2024,2,23,male,CZ,IT,2,4,4,5,1,3,3,2,4,2,5,5,3,2,3,1,1,1,2,3,4,4,3,1,1,2,2,5,4,3,4,5,2,1,2,2,3,2,3,1,1,1,2,2,2,2,2,2,2,2,2
734,2022,3,21,male,PL,IT,30,5,5,4,1,5,4,5,3,4,1,3,5,3,4,4,2,3,2,3,2,3,4,4,4,3,3,5,5,3,3,4,3,0,0,0,3,0,3,3,2,0,0,0,0,0,4,4,5,4,4
735,2022,1,26,male,PL,IT,0,4,5,4,1,1,4,5,4,4,3,3,4,5,5,3,4,2,1,1,4,1,4,4,4,4,4,4,3,2,4,2,4,4,3,0,4,0,4,0,4,0,0,0,0,0,4,4,4,4,3
736,2022,3,22,male,PL,IT,30,5,5,5,2,5,5,5,4,3,3,3,5,4,4,2,4,2,5,4,4,3,2,5,4,3,3,2,4,2,1,4,0,0,0,0,0,0,0,0,0,0,0,0,0,0,0,0,0,0,0
737,2022,3,22,male,PL,IT,0,5,5,2,2,4,5,5,4,4,2,4,5,4,4,3,4,3,2,4,4,2,3,5,5,4,4,1,1,1,1,1,4,4,4,0,4,0,5,0,3,3,4,4,4,4,4,4,4,2,3
738,2022,5,25,male,PL,IT,120,5,5,5,1,5,5,5,5,5,1,4,4,5,5,4,5,3,4,4,3,3,4,5,5,5,5,2,3,1,1,1,5,4,4,5,5,4,5,5,3,5,5,5,5,5,5,5,5,5,5
739,2022,5,23,female,PL,IT,100,5,5,4,5,5,4,5,4,4,1,4,5,4,4,2,4,5,4,4,4,2,2,4,5,4,4,2,1,1,3,2,5,4,4,4,4,5,4,5,4,5,4,4,5,5,4,3,4,5,4
740,2022,2,24,male,PL,IT,100,5,5,5,5,5,5,4,4,5,4,5,4,4,4,4,4,5,4,5,4,4,5,4,3,4,5,4,3,3,4,5,2,2,2,2,4,3,3,4,3,3,4,2,4,2,4,4,4,4,4
741,2022,3,21,male,PL,IT,16,5,5,4,5,5,5,5,3,4,1,1,1,1,1,2,1,4,4,3,3,5,1,1,1,1,1,1,1,1,1,1,2,1,1,1,1,1,1,1,1,2,4,5,0,5,1,1,5,1,5
742,2022,3,21,male,PL,IT,100,5,5,5,5,5,5,5,5,5,5,5,5,5,5,5,5,5,5,5,5,5,5,5,5,5,5,5,5,5,5,5,0,0,0,0,0,0,0,0,0,0,0,0,0,0,0,0,0,0,0
743,2022,3,26,male,PL,IT,100,5,5,5,1,5,5,5,5,5,3,3,5,5,5,5,3,4,3,4,5,3,4,5,5,4,5,3,3,5,3,2,5,5,5,3,5,5,5,0,5,3,5,5,5,5,5,5,5,5,5
744,2022,3,22,other,PL,IT,0,5,5,5,2,1,4,5,2,3,1,1,4,5,5,4,1,2,2,1,2,1,3,5,4,1,2,5,3,4,3,5,0,0,0,0,0,0,5,0,0,0,0,0,0,0,0,1,3,3,2
745,2022,3,22,male,PL,IT,0,5,5,4,5,4,5,3,3,5,2,2,4,3,2,4,1,4,5,4,3,2,1,4,3,2,4,2,1,1,2,2,4,0,2,0,2,1,3,3,3,2,5,1,4,2,3,2,4,4,4
746,2022,3,22,male,PL,IT,0,5,5,5,1,3,5,4,4,4,2,4,5,4,5,3,3,3,4,5,4,4,4,4,4,4,4,2,4,2,2,2,0,0,0,0,0,0,0,0,0,0,0,0,0,0,0,0,0,0,0
747,2022,4,27,male,PL,IT,0,5,5,4,5,5,5,5,5,5,4,3,5,5,5,5,5,5,5,5,5,5,5,5,5,5,5,1,1,1,1,1,3,4,4,3,5,0,5,0,5,0,4,4,5,0,4,4,5,5,5
748,2022,4,23,male,PL,IT,3,5,5,5,5,5,5,5,5,5,3,3,5,3,3,3,1,4,5,5,5,5,1,1,1,1,1,2,5,5,1,1,3,3,3,1,1,1,1,1,1,1,1,1,1,1,1,1,5,1,0
749,2022,4,31,male,PL,IT,0,5,5,5,5,5,5,5,5,5,5,5,5,5,5,5,5,5,5,5,5,5,5,5,5,5,5,5,5,5,5,5,3,3,3,3,3,3,3,3,3,3,3,3,3,3,3,3,3,3,3
750,2022,4,25,male,PL,IT,0,5,5,5,1,5,5,5,5,5,5,5,5,5,5,5,5,5,5,5,5,5,5,5,5,5,5,1,1,1,1,1,0,0,3,3,4,3,0,3,3,3,3,3,3,3,0,0,0,0,0
751,2022,4,27,male,PL,IT,30,5,5,5,5,5,5,5,5,5,3,4,5,5,5,5,5,5,5,5,5,5,5,5,5,5,5,2,2,2,1,1,5,5,5,5,5,5,5,5,5,5,5,5,5,4,4,4,5,4,4
752,2022,2,31,male,PL,IT,10,5,5,3,1,5,4,4,3,3,1,1,5,3,4,1,1,1,2,5,2,1,3,2,2,1,2,4,4,5,4,4,3,3,5,0,2,2,2,2,2,1,2,1,4,1,1,1,4,2,2
753,2022,5,27,male,PL,IT,20,5,5,5,5,5,5,5,4,4,3,4,5,5,5,4,4,3,4,4,4,5,4,5,5,5,4,3,2,2,1,1,4,4,4,4,4,4,4,4,4,4,4,3,5,4,3,3,4,4,4
754,2022,4,23,male,PL,IT,0,5,5,5,5,5,4,3,3,4,3,3,4,3,3,3,3,4,4,4,3,3,3,4,5,4,3,2,2,1,1,3,3,3,3,3,3,3,3,3,3,3,3,3,3,3,3,3,3,3,3
755,2022,4,23,male,PL,IT,0,5,4,5,3,4,4,4,2,3,3,3,4,3,4,3,3,2,2,3,3,4,4,2,3,2,2,2,3,3,4,3,2,2,2,3,2,2,2,2,2,4,4,4,4,4,2,2,2,2,2
756,2022,2,24,male,PL,IT,20,5,5,5,5,5,5,5,4,3,2,4,5,5,5,3,3,2,5,5,3,3,3,5,5,4,4,4,3,3,2,2,5,5,5,2,5,3,4,4,3,4,4,2,3,2,4,4,4,4,4
757,2022,4,22,male,PL,IT,0,5,5,4,4,5,5,5,3,5,4,4,5,3,5,4,3,3,3,3,5,4,3,5,4,2,4,4,4,3,3,1,5,4,3,0,3,0,4,0,0,5,5,4,5,5,4,4,5,4,3
758,2022,4,37,male,PL,IT,50,5,5,5,5,5,5,5,3,3,3,4,3,3,5,3,4,4,4,3,4,1,5,4,3,2,3,2,3,2,1,1,4,4,5,3,3,4,3,3,3,4,4,3,5,4,4,3,4,4,3
759,2022,4,23,female,PL,IT,0,5,5,5,3,4,5,4,3,4,4,5,5,3,4,3,3,3,4,5,3,5,4,4,4,4,3,1,3,2,1,1,0,0,0,0,0,0,0,0,3,4,4,2,4,2,4,4,4,4,4
760,2022,1,21,male,PL,IT,120,5,5,5,5,5,5,5,5,4,2,3,4,5,5,3,3,4,3,3,3,3,4,4,5,3,4,3,3,3,3,4,5,5,5,3,3,4,4,4,2,3,3,5,5,5,4,4,3,4,4
761,2022,3,24,male,PL,IT,10,4,4,4,4,4,4,4,4,4,3,4,4,4,4,4,4,3,4,4,4,3,4,4,4,3,4,2,3,2,2,2,4,2,4,4,4,4,4,4,4,2,4,2,4,3,4,4,4,4,4
762,2022,3,22,male,PL,IT,0,4,4,4,2,2,4,4,4,4,2,2,4,4,3,4,3,3,4,2,1,2,4,4,4,4,3,4,4,4,2,3,5,0,0,0,0,0,4,0,0,0,0,0,0,0,0,0,0,0,0
763,2022,3,23,male,PL,IT,1,4,4,3,4,3,4,4,4,4,4,4,4,4,4,4,4,4,4,4,4,4,4,4,4,4,4,4,4,4,4,4,4,3,3,3,4,0,4,0,4,3,3,3,4,3,4,4,4,4,4
764,2022,3,23,male,PL,IT,0,5,5,5,5,5,5,5,5,5,5,5,5,5,5,5,3,3,5,5,5,5,5,5,5,5,5,3,3,3,3,5,0,0,0,0,0,0,0,0,0,0,0,0,0,0,0,0,0,0,0
765,2022,2,22,male,PL,IT,0,4,4,4,3,4,4,4,3,4,2,3,4,4,4,3,3,4,3,3,4,3,3,4,4,3,3,4,3,3,4,3,3,3,3,3,3,3,3,3,3,4,4,3,4,3,3,3,4,3,4
766,2022,3,24,male,PL,IT,0,5,5,5,5,5,5,5,5,5,4,4,5,5,5,1,1,5,5,2,1,5,1,5,5,5,5,5,5,1,1,1,5,5,4,0,4,0,4,0,0,5,5,5,5,5,5,5,4,4,5
767,2022,3,33,male,PL,IT,0,5,5,3,3,3,4,4,3,3,3,4,5,3,4,3,3,3,3,3,4,4,3,4,4,3,3,4,4,4,3,3,3,3,3,3,3,3,3,3,3,3,3,3,3,3,3,3,3,3,3
768,2022,3,23,male,PL,IT,0,5,5,5,5,5,5,5,5,5,5,5,5,2,4,2,3,4,4,5,2,2,3,4,5,5,4,1,2,1,1,1,4,4,3,0,4,0,5,0,0,4,4,4,4,0,0,4,5,4,4
769,2022,3,24,male,PL,IT,0,4,4,4,3,2,5,5,5,5,3,5,5,5,5,4,4,3,4,5,2,4,4,4,3,4,5,1,1,1,1,1,3,3,3,3,3,3,3,3,3,3,3,3,3,3,3,3,3,3,3
770,2022,3,23,male,PL,IT,0,5,5,4,4,4,4,4,3,3,1,1,3,4,4,3,3,4,2,3,3,3,4,4,4,3,4,2,2,2,3,2,4,5,5,4,4,3,4,4,3,4,4,2,4,4,3,3,4,4,4
771,2022,3,23,male,PL,IT,0,5,5,4,4,5,5,4,3,4,1,4,4,4,5,2,4,3,3,4,3,3,4,5,2,3,4,2,2,2,4,4,5,2,4,0,0,0,3,3,3,3,4,2,4,2,3,4,3,3,3
772,2022,3,23,male,PL,IT,0,5,5,5,1,5,5,5,4,5,1,2,5,5,3,3,3,5,3,5,2,4,2,3,4,1,2,2,2,1,1,1,3,2,2,2,2,2,2,2,2,1,2,1,2,1,2,2,0,3,4
773,2022,3,22,male,PL,IT,0,4,4,4,2,4,4,4,3,3,3,2,4,3,3,3,3,3,3,4,3,2,4,4,3,3,4,2,3,3,3,1,0,0,0,0,3,0,0,0,3,4,4,3,3,3,3,3,3,3,3
774,2022,3,23,female,PL,IT,0,5,5,3,1,3,4,4,2,3,2,2,4,2,2,2,2,2,4,4,1,4,3,3,3,3,3,4,3,4,4,5,0,0,0,0,0,0,0,0,0,0,0,0,0,0,0,0,0,0,0
775,2022,3,22,male,PL,IT,0,5,5,4,4,5,4,4,3,1,1,2,4,3,4,1,4,3,4,3,4,3,3,5,3,4,4,2,2,2,2,2,0,0,0,0,0,0,0,0,0,0,0,0,0,0,0,0,0,0,0
776,2022,3,50,male,PL,IT,30,5,5,4,3,4,4,4,4,2,3,2,4,4,4,2,2,2,2,2,3,2,4,4,4,3,4,3,3,3,4,3,4,3,4,3,4,4,4,3,3,3,3,3,4,3,4,3,4,3,4
777,2022,3,22,male,PL,IT,0,5,5,5,4,4,5,3,3,4,2,1,5,2,4,3,2,2,4,5,3,1,3,4,4,3,4,5,5,4,3,2,4,2,0,0,0,0,0,0,0,2,2,1,1,1,1,2,4,5,5
778,2022,3,21,male,PL,IT,0,5,5,4,4,5,4,4,4,4,3,3,4,4,4,4,5,4,4,4,4,4,4,4,4,3,2,4,5,3,4,4,5,5,5,3,3,3,4,3,3,4,4,4,4,4,3,3,5,3,3
779,2022,3,22,female,PL,IT,0,3,4,3,3,3,4,4,3,3,2,3,3,3,4,2,3,3,4,3,4,3,4,3,3,3,3,3,3,3,3,3,0,0,0,0,0,0,0,0,0,0,0,0,0,0,0,0,0,0,0
780,2022,3,39,male,PL,IT,0,5,5,5,4,5,4,4,5,4,2,4,4,5,5,4,3,3,3,5,3,2,3,5,5,5,5,2,2,2,1,1,4,4,5,0,0,0,0,0,0,3,4,3,4,3,0,4,5,5,5
781,2022,3,22,male,PL,IT,0,4,4,3,2,4,3,3,2,3,3,3,3,3,3,2,2,2,3,3,3,3,3,3,2,2,2,4,3,2,3,2,3,2,2,3,3,3,4,3,3,3,3,3,4,3,3,2,2,2,2
782,2022,3,32,male,PL,IT,10,4,4,5,1,2,4,4,3,3,3,4,3,4,4,2,3,3,2,2,3,3,3,4,3,3,3,2,2,2,2,2,2,2,2,4,3,3,4,4,3,4,4,3,4,3,2,2,4,4,4
783,2022,2,22,male,PL,IT,0,5,5,5,4,5,5,5,4,5,5,5,5,5,5,5,5,5,5,5,5,5,5,5,5,5,5,5,5,5,5,5,5,5,5,5,5,5,5,5,5,5,5,5,5,5,5,5,5,5,5
784,2022,3,31,male,PL,IT,20,5,5,3,2,4,4,4,3,3,3,3,4,4,4,3,3,3,4,2,3,3,2,4,4,4,4,3,4,3,3,3,4,4,4,3,5,5,4,4,4,4,4,4,4,3,4,4,3,3,3
785,2022,3,22,male,PL,IT,0,5,5,4,3,2,4,4,4,4,3,3,4,4,4,4,2,3,4,4,3,3,3,4,4,3,2,2,2,2,2,2,3,2,3,2,3,3,4,3,3,3,4,3,4,3,3,3,4,4,4
786,2022,3,22,male,PL,IT,0,3,3,3,3,3,3,3,3,3,3,3,3,3,3,3,3,3,3,3,3,3,3,3,3,3,3,3,3,3,3,3,3,3,3,3,3,3,3,3,3,3,3,3,3,3,3,3,3,3,3
787,2022,3,23,male,PL,IT,0,5,5,5,3,5,5,5,5,5,4,4,5,5,5,4,4,5,4,2,5,2,4,5,2,5,5,4,5,4,2,2,5,5,5,5,5,5,5,5,5,5,5,5,5,5,5,5,5,5,5
788,2022,3,22,male,PL,IT,0,5,5,5,2,5,4,4,4,4,3,3,5,3,3,2,1,2,3,1,4,1,3,2,4,1,1,4,4,1,3,3,2,0,5,0,3,0,0,0,0,0,0,0,0,0,3,2,5,2,2
789,2022,3,22,male,PL,IT,0,5,5,5,5,5,5,5,5,5,5,3,5,5,5,5,4,3,5,5,3,3,3,5,5,5,5,3,4,4,5,5,4,5,4,3,4,3,2,4,2,2,4,1,5,2,3,2,4,2,5
790,2022,3,23,male,PL,IT,40,5,5,5,5,5,5,5,5,5,5,5,5,5,5,3,2,5,4,2,5,4,5,5,4,1,1,5,4,5,5,5,5,4,5,2,1,1,2,2,1,1,2,1,0,1,2,1,5,5,5
791,2022,3,25,male,PL,IT,0,5,5,4,2,3,4,4,4,3,2,2,3,2,3,1,1,2,4,3,2,3,2,1,1,1,1,1,3,1,1,1,5,2,2,3,1,3,1,1,1,3,2,2,3,2,1,1,3,1,1
792,2022,2,22,female,PL,IT,0,5,5,3,2,5,4,3,3,3,1,2,4,3,3,4,3,3,4,3,3,3,3,3,3,3,3,4,4,4,4,4,3,3,3,3,3,3,3,3,3,3,3,3,3,3,3,3,3,3,3
793,2022,3,22,male,PL,IT,0,5,4,3,5,4,5,5,4,1,2,2,5,5,5,3,2,1,2,5,1,2,5,5,5,3,3,2,2,2,2,1,0,0,0,0,0,0,0,0,0,4,5,3,4,3,0,3,4,1,3
794,2022,3,22,male,PL,IT,0,5,5,4,3,3,5,5,5,4,3,4,5,4,4,4,3,3,4,5,4,4,4,4,4,3,3,2,3,2,2,2,5,4,4,3,3,3,3,3,3,4,4,3,3,3,3,3,4,4,3
795,2022,3,22,male,PL,IT,0,4,4,3,2,4,4,3,4,2,4,3,4,4,5,4,3,3,4,4,4,4,4,4,5,4,4,4,4,3,3,3,4,3,3,3,4,3,4,3,4,3,4,3,3,4,3,4,3,3,3
796,2022,3,24,male,PL,IT,0,5,5,3,3,4,5,4,4,4,1,4,5,4,4,3,3,4,3,4,3,4,3,4,3,3,3,2,2,1,3,3,3,3,3,3,3,3,5,3,3,3,3,3,3,3,3,4,5,5,5
797,2022,2,24,male,PL,IT,10,5,5,5,3,5,5,5,5,5,3,3,5,3,5,3,3,2,4,4,3,3,3,4,3,3,3,2,2,2,2,2,3,3,3,3,3,3,3,3,3,3,3,3,3,2,3,2,3,2,4
798,2022,2,24,male,PL,IT,120,5,5,5,1,4,2,2,2,2,2,2,4,3,3,4,2,3,4,2,2,2,1,2,3,1,2,2,1,1,1,1,5,4,2,2,3,1,4,2,2,4,4,4,4,4,3,2,1,2,2
799,2022,5,23,male,PL,IT,90,5,5,5,2,5,5,5,5,5,4,4,4,4,4,5,2,5,5,5,5,3,3,4,4,2,4,2,1,1,1,1,5,5,5,5,4,4,3,4,4,5,5,5,5,5,5,5,5,5,5
800,2022,2,23,female,PL,IT,0,5,5,5,5,5,5,5,5,4,4,4,5,4,4,3,3,3,4,5,4,5,4,4,4,3,3,2,2,1,2,1,4,4,3,0,3,0,4,0,0,4,4,0,3,3,3,3,4,4,4
801,2022,4,24,male,PL,IT,20,5,5,5,4,5,5,4,5,3,3,3,5,5,5,5,5,4,5,5,3,3,5,5,5,5,5,2,3,1,2,1,5,5,5,4,5,3,5,4,3,5,5,4,5,4,5,5,5,5,5
802,2022,2,21,male,PL,IT,0,5,5,4,1,5,5,5,2,4,3,4,5,4,5,3,4,3,4,2,5,3,3,4,5,4,2,2,2,1,1,1,0,0,0,0,0,0,0,0,0,0,0,0,0,0,0,0,4,0,4
803,2022,2,20,male,PL,IT,30,5,5,4,2,5,4,4,3,4,3,2,3,4,4,4,4,2,2,1,3,4,4,4,4,3,4,2,2,1,1,1,5,2,4,4,4,3,4,4,5,4,5,5,4,4,4,3,4,4,5
804,2022,5,23,male,PL,IT,300,5,5,5,2,5,5,4,3,4,2,2,4,4,3,4,3,3,2,2,4,4,4,4,4,2,2,2,2,1,2,2,4,4,4,4,4,4,4,4,4,4,4,4,4,4,4,4,4,4,4
805,2022,4,23,male,PL,IT,300,5,5,3,1,5,5,5,3,2,2,2,5,3,4,1,1,4,5,5,3,2,1,2,2,1,1,1,1,1,1,1,5,4,4,1,1,2,4,2,1,5,5,5,5,5,1,1,1,1,1
806,2022,2,20,male,PL,IT,0,5,5,3,2,3,5,5,4,5,3,2,5,3,4,2,3,3,5,5,4,4,3,4,4,4,4,2,3,2,1,1,0,0,0,0,0,0,4,0,0,0,0,0,0,0,0,4,4,3,4
807,2022,4,24,male,PL,IT,15,5,5,5,4,5,4,5,4,4,2,3,5,5,5,4,4,4,3,3,4,4,4,5,5,4,4,4,4,2,2,3,4,4,5,4,5,5,5,5,4,3,4,2,4,4,3,2,5,3,4
808,2022,2,21,other,PL,IT,0,5,5,4,4,5,4,4,4,3,3,3,5,5,5,5,4,3,4,2,3,4,5,5,4,5,5,2,4,1,1,1,5,5,5,0,3,0,5,0,0,0,0,0,0,0,5,5,5,5,5
809,2022,2,21,male,PL,IT,0,5,5,5,3,4,4,4,4,4,3,4,4,4,4,4,3,3,4,4,4,4,4,4,4,3,4,3,3,2,2,2,5,5,4,3,4,3,4,3,3,3,3,3,3,2,3,3,3,3,3
810,2022,2,21,male,PL,IT,0,5,5,5,5,5,4,4,5,4,4,4,4,4,5,3,3,4,2,4,4,4,4,4,4,4,4,2,3,2,2,1,0,0,0,0,0,0,0,0,0,0,0,0,0,0,0,0,0,0,0
811,2022,2,20,male,PL,IT,1,5,5,4,4,5,4,4,3,5,2,4,5,3,5,4,2,3,3,3,4,4,3,4,4,3,4,3,2,2,1,2,4,3,3,3,3,3,3,3,4,0,0,3,4,0,0,3,4,4,4
812,2022,2,21,male,PL,IT,0,5,5,4,1,5,4,5,1,1,1,2,5,4,4,4,3,3,4,3,4,3,4,3,4,1,2,4,4,4,4,5,3,3,0,3,3,3,3,3,3,4,0,3,0,1,4,1,5,2,2
813,2022,5,23,female,PL,IT,20,5,5,4,5,5,5,4,4,5,4,4,5,5,5,4,5,5,5,4,5,5,5,5,4,5,5,2,2,2,2,2,5,5,5,5,5,5,5,5,5,5,5,5,5,5,5,5,5,5,5
814,2022,2,25,female,PL,IT,20,4,4,3,3,4,4,4,3,4,4,3,3,3,5,3,3,3,4,4,4,4,4,4,4,3,3,2,3,2,2,2,4,3,4,3,3,0,4,0,3,0,0,0,0,0,3,3,3,4,4
815,2022,5,24,male,PL,IT,3,5,5,5,4,5,5,5,5,5,5,4,5,4,4,4,4,4,2,5,2,1,1,5,4,5,5,3,2,1,2,1,5,5,5,5,5,5,5,5,5,5,5,5,5,5,5,4,4,4,5
816,2022,5,32,male,PL,IT,4,5,5,4,4,5,5,5,5,5,5,5,5,5,5,5,5,4,5,5,5,5,5,5,5,5,5,3,4,3,2,3,5,5,5,5,4,4,5,4,3,4,4,4,4,4,4,3,4,4,4
817,2022,1,21,male,PL,IT,0,4,4,3,4,4,4,4,4,5,4,4,5,4,5,5,5,4,5,4,5,4,5,4,4,5,4,4,4,4,5,4,5,5,4,3,5,5,4,5,5,5,5,5,5,5,5,4,5,4,5
818,2022,1,20,male,PL,IT,0,5,5,5,3,5,5,5,5,5,5,5,5,5,5,5,5,5,5,5,5,5,5,5,5,5,5,4,4,5,4,5,0,5,4,5,0,0,0,5,5,0,0,5,0,0,4,2,4,5,4
819,2022,2,20,female,PL,IT,0,5,5,5,5,5,5,5,5,5,5,5,5,5,4,5,3,5,5,4,5,4,5,5,5,5,4,2,1,1,1,1,5,5,5,0,5,0,5,0,5,0,5,0,0,0,5,5,5,5,5
820,2022,2,20,male,PL,IT,0,5,5,5,4,5,5,5,5,4,4,5,5,5,5,3,3,4,5,5,4,5,5,5,5,5,5,2,3,1,1,1,0,0,0,0,0,0,0,0,0,0,0,0,0,0,0,0,0,0,0
821,2022,2,20,male,PL,IT,0,5,3,4,1,2,5,4,3,4,1,2,4,3,2,1,1,2,4,5,3,5,4,4,3,3,1,3,3,3,2,2,0,0,0,0,0,0,0,0,0,0,0,0,0,0,0,0,0,0,0
822,2022,2,21,male,PL,IT,0,5,5,5,5,5,5,5,5,5,2,4,5,5,5,3,4,3,5,5,3,4,3,5,5,5,4,1,1,1,1,1,0,0,0,0,0,0,0,0,0,0,0,0,0,0,0,0,0,0,0
823,2022,2,21,female,PL,IT,0,5,5,4,4,4,4,4,4,4,4,3,5,4,4,3,3,4,4,4,3,4,4,3,3,3,3,2,3,3,2,2,4,0,0,0,0,0,4,0,0,0,0,0,0,0,0,0,4,4,4
824,2022,2,21,male,PL,IT,2,4,5,2,3,4,5,5,4,3,3,4,5,4,4,3,2,3,5,5,3,4,3,4,4,5,3,2,3,1,1,2,0,5,3,3,4,3,0,3,4,5,0,5,3,5,3,5,4,5,3
825,2022,2,21,male,PL,IT,0,5,5,4,2,5,5,5,3,2,1,5,4,3,4,2,3,3,4,4,3,4,4,4,3,4,3,5,3,3,4,4,3,3,3,3,3,3,3,3,3,3,4,3,3,3,3,3,5,3,0
826,2022,2,21,male,PL,IT,0,5,5,5,1,5,5,5,4,4,3,4,4,4,5,4,5,3,4,3,2,3,3,5,5,4,4,2,3,1,3,2,5,4,1,5,4,5,4,4,4,5,4,4,5,4,4,4,2,3,3
827,2022,2,21,male,PL,IT,0,5,5,4,2,4,5,4,5,3,3,4,4,5,4,4,2,4,2,4,3,5,3,3,3,2,1,2,1,1,1,1,4,2,3,3,2,3,3,3,3,3,3,3,3,3,2,2,0,0,0
828,2022,1,20,male,PL,IT,0,5,5,5,3,5,5,5,4,4,5,4,5,5,5,4,4,3,5,5,5,5,3,5,5,5,4,5,2,3,2,4,4,4,5,3,3,4,5,3,4,3,4,2,4,0,4,4,3,4,5
829,2022,2,20,female,PL,IT,0,5,5,5,4,5,5,5,5,5,3,4,5,5,5,3,4,4,5,5,5,3,5,5,4,3,4,1,1,1,1,1,5,3,5,0,0,0,4,0,0,0,0,0,0,0,0,0,0,0,0
830,2022,2,21,male,PL,IT,0,5,3,5,5,3,5,5,5,5,5,4,5,5,5,5,5,5,4,5,5,5,5,5,5,5,5,2,1,1,1,2,3,5,3,0,0,0,0,0,0,0,0,0,0,0,0,0,0,0,0
831,2022,2,20,male,PL,IT,0,2,2,2,2,2,4,4,4,4,3,2,2,2,2,2,2,2,4,4,4,5,4,4,3,4,3,2,3,3,2,2,0,0,0,0,0,0,0,0,0,0,0,0,0,0,0,0,0,0,0
832,2022,2,20,female,PL,IT,0,5,5,5,5,5,5,5,5,5,5,3,5,4,4,3,4,3,5,3,4,2,3,4,4,4,3,2,2,1,1,1,0,4,4,3,3,3,4,3,3,3,4,4,4,4,3,3,4,4,3
833,2022,2,24,female,PL,IT,0,5,5,3,4,5,4,4,4,5,2,3,4,3,5,3,3,3,4,2,4,3,4,4,4,4,4,2,3,2,2,2,0,0,0,0,0,0,0,0,0,0,0,0,0,0,0,0,0,0,0
834,2022,2,20,male,PL,IT,0,4,4,5,3,4,5,5,3,4,3,4,4,3,4,4,3,3,4,4,4,3,4,4,5,4,4,3,3,3,1,2,0,0,0,0,0,0,0,0,0,0,0,0,0,0,0,0,0,0,0
835,2022,2,20,male,PL,IT,0,5,5,5,5,5,5,5,5,5,4,4,5,5,5,4,4,5,4,4,5,5,3,5,4,4,4,3,3,2,1,2,0,0,0,0,0,0,0,0,0,0,0,0,0,0,0,0,0,0,0
836,2022,2,21,male,PL,IT,0,5,5,5,2,4,4,3,3,2,1,3,5,4,5,4,3,3,4,4,3,2,4,5,5,5,5,4,4,4,2,4,0,0,0,0,0,0,0,0,0,0,0,0,0,0,0,0,0,0,0
837,2022,2,21,male,PL,IT,0,5,5,5,4,1,5,5,5,5,5,3,5,5,4,1,2,1,3,2,3,3,4,4,5,2,2,4,3,3,3,3,0,4,4,5,4,5,5,5,4,3,5,5,5,5,0,0,0,0,0
838,2022,2,20,male,PL,IT,0,5,3,3,2,4,5,5,3,4,3,2,4,1,2,1,1,1,3,3,3,3,1,2,2,2,1,1,1,1,2,1,3,1,1,1,1,1,3,1,1,1,3,1,3,3,1,2,1,2,2
839,2022,2,20,female,PL,IT,0,5,5,5,5,4,5,5,5,4,3,4,5,3,4,3,3,3,4,2,3,4,4,5,5,4,4,3,3,3,2,2,0,0,0,0,0,0,0,0,0,0,0,0,0,0,4,4,3,4,3
840,2022,2,21,male,PL,IT,0,4,4,3,2,3,4,4,4,5,3,2,4,4,5,3,4,4,4,4,3,4,4,3,3,4,4,4,4,3,3,2,5,5,5,4,3,3,4,4,3,3,3,4,4,4,3,3,4,4,3
841,2022,2,18,male,PL,IT,15,5,4,4,4,3,5,4,4,3,4,3,5,4,5,3,4,3,5,5,4,4,3,4,5,4,5,4,5,4,4,3,0,5,4,5,0,5,0,0,0,0,5,4,4,5,5,4,2,2,4
842,2022,2,22,male,PL,IT,0,5,4,4,4,4,3,2,2,3,4,2,4,4,4,4,3,4,4,3,4,4,3,3,4,4,4,3,3,2,4,3,4,3,4,3,3,3,3,3,3,3,3,3,3,3,3,3,3,3,3
843,2022,2,21,female,PL,IT,1,5,5,5,5,4,5,5,5,4,4,4,4,5,5,5,5,4,4,4,5,4,5,5,5,5,5,2,3,2,2,2,3,0,0,5,5,5,5,0,5,0,0,0,5,0,0,5,5,5,0
844,2022,2,21,male,PL,IT,0,5,5,4,5,4,5,3,2,2,3,3,4,3,4,4,3,3,4,4,4,3,4,5,5,4,2,4,4,4,3,4,4,0,0,0,0,0,0,0,0,4,4,4,5,4,3,4,4,3,4
845,2022,2,21,male,PL,IT,0,5,5,5,5,5,5,5,3,4,3,4,4,5,5,3,3,3,5,5,4,3,3,4,4,3,3,4,4,3,3,3,4,0,3,0,0,0,0,0,0,0,0,0,0,0,3,3,4,3,3
846,2022,2,20,female,PL,IT,0,5,5,4,5,5,5,5,5,5,4,3,5,5,5,4,3,3,5,5,5,5,5,5,5,5,4,4,5,4,2,2,0,0,0,3,3,3,0,3,3,3,0,3,3,3,3,4,4,0,0
847,2022,2,21,female,PL,IT,0,5,5,5,5,5,4,4,4,4,3,4,4,5,5,5,5,4,4,4,3,5,4,5,3,4,3,2,2,2,4,2,0,0,0,0,0,0,0,0,0,0,0,0,0,0,0,0,0,0,0
848,2022,1,20,female,PL,IT,0,5,4,5,3,3,3,4,2,4,5,2,5,4,5,4,4,4,2,2,4,4,4,5,5,5,5,5,2,4,4,4,4,5,5,0,4,0,5,0,5,4,5,3,4,4,4,5,4,4,4
849,2022,2,20,male,PL,IT,0,5,5,5,3,3,5,5,5,5,2,3,5,3,4,1,1,1,5,3,4,5,5,3,3,4,3,5,5,5,4,5,0,0,0,0,0,0,0,0,0,0,0,0,0,0,0,0,0,0,0
850,2022,2,22,male,PL,IT,0,5,5,5,1,5,5,5,3,3,2,3,5,2,2,1,1,3,4,2,4,4,4,3,1,1,3,5,5,5,5,5,0,0,0,0,0,0,0,0,0,0,0,0,0,0,2,1,5,1,1
851,2022,1,20,female,PL,IT,0,4,5,3,2,5,5,4,3,4,3,4,4,4,4,2,2,2,4,3,4,4,3,5,5,3,3,2,2,2,1,1,4,2,2,3,3,3,4,3,3,4,4,4,4,4,4,3,3,4,4
852,2022,2,21,male,PL,IT,0,5,4,3,3,3,5,5,4,4,4,2,5,4,4,3,4,3,1,1,5,1,4,4,3,3,3,5,4,3,4,4,3,3,4,3,3,3,3,3,3,4,4,4,4,4,3,4,4,3,4
853,2022,1,20,male,PL,IT,0,5,4,5,3,5,4,4,4,4,3,2,4,4,4,3,3,4,4,3,3,3,4,3,3,3,3,2,2,2,2,2,4,4,4,4,4,4,4,3,3,3,3,3,3,3,3,3,3,3,3
854,2022,2,20,male,PL,IT,0,5,5,4,2,3,5,5,4,5,2,4,4,3,4,2,3,2,4,4,4,4,1,4,4,4,3,2,2,1,1,1,0,0,0,0,0,0,4,0,0,4,5,0,4,4,0,3,4,5,5
855,2022,2,22,male,PL,IT,0,5,5,4,5,4,4,4,4,3,2,4,5,4,3,3,3,3,4,4,3,3,3,4,4,4,3,2,3,3,3,2,4,3,4,0,3,0,0,0,0,0,0,0,0,0,4,3,5,3,5
856,2022,2,21,male,PL,IT,0,5,5,3,1,5,5,4,2,3,3,1,4,3,4,3,3,3,4,2,4,5,4,4,3,4,3,4,4,2,4,4,4,3,3,0,0,0,0,0,0,0,0,0,0,0,0,0,0,0,0
857,2022,2,21,male,PL,IT,0,5,5,5,5,4,5,5,5,4,2,3,5,4,4,2,3,4,5,4,4,2,3,5,2,5,4,1,1,1,1,1,0,0,0,0,0,0,0,0,0,0,0,0,0,0,0,0,0,0,0
858,2022,2,21,male,PL,IT,30,5,5,5,5,5,5,5,5,5,5,5,5,5,5,5,5,5,5,5,5,5,5,5,5,5,5,1,1,1,1,1,5,5,5,5,5,0,5,5,5,4,5,5,5,5,5,5,5,5,5
859,2022,2,20,male,PL,IT,0,5,5,4,4,4,5,4,3,3,3,3,4,4,3,3,3,3,4,4,3,4,3,3,3,3,3,3,3,3,4,4,0,0,0,0,0,0,0,0,0,0,0,0,0,0,0,0,0,0,0
860,2022,2,22,male,PL,IT,0,5,5,4,3,3,5,4,4,3,3,3,4,3,4,2,3,3,4,4,3,3,3,4,4,3,3,2,2,2,1,2,0,0,0,0,0,0,0,0,0,0,0,0,0,0,0,0,0,0,0
861,2022,2,20,male,PL,IT,0,5,5,5,5,5,5,5,5,5,3,3,5,5,5,5,3,4,4,4,5,3,4,5,5,5,5,3,3,3,4,3,3,3,3,3,4,3,4,3,4,4,4,4,4,4,4,4,3,4,3
862,2022,2,20,female,PL,IT,20,4,4,3,3,2,3,3,3,3,3,3,1,1,1,1,1,1,3,4,3,3,3,3,3,3,3,5,5,5,5,5,0,0,0,0,0,0,0,0,0,0,0,0,0,0,0,0,0,0,0
863,2022,2,21,male,PL,IT,0,5,5,2,4,5,5,5,5,5,5,5,5,4,4,4,4,4,3,4,4,4,4,3,2,4,4,4,4,4,3,2,5,4,3,0,4,0,0,0,0,0,0,0,0,0,0,0,0,0,0
864,2022,2,20,male,PL,IT,2,5,5,5,4,5,5,5,5,5,3,5,5,5,4,5,5,5,4,5,5,5,3,5,5,5,5,1,2,1,1,1,5,5,5,5,5,5,5,5,5,5,5,5,5,5,5,5,5,5,5
865,2022,1,19,male,PL,IT,0,5,5,5,3,5,5,2,4,5,3,4,5,5,5,3,5,4,5,5,4,5,5,5,5,5,5,4,3,3,3,1,5,5,5,5,5,5,5,5,5,5,5,5,5,5,4,4,4,4,4
866,2022,2,22,male,PL,IT,0,5,5,5,4,3,5,5,5,4,3,4,5,5,4,3,4,4,5,5,5,2,5,5,5,5,4,4,3,2,2,1,5,0,0,0,4,5,4,5,4,4,4,4,4,4,4,4,4,4,4
867,2022,2,19,male,PL,IT,0,5,4,4,3,4,5,5,4,4,3,4,4,3,5,3,4,3,4,4,3,3,3,4,3,3,2,2,1,1,1,1,5,4,3,3,4,3,5,3,3,4,3,4,5,4,4,2,4,5,3
868,2022,2,19,male,PL,IT,0,5,5,5,3,4,5,4,4,4,3,4,4,4,4,4,3,4,4,4,4,4,4,4,5,5,5,5,4,5,4,4,5,5,0,5,4,3,4,3,3,3,3,3,3,3,3,3,3,3,3
869,2022,2,18,male,PL,IT,0,4,4,4,5,3,4,4,4,5,1,3,4,3,5,4,3,3,4,4,3,3,5,4,4,5,3,1,2,1,1,1,3,3,4,3,3,3,5,4,4,0,0,0,0,0,3,3,4,0,3
870,2022,2,21,male,PL,IT,2,5,5,5,5,5,5,5,5,5,5,5,5,5,5,5,5,5,5,4,4,5,5,5,5,3,5,2,2,2,1,1,5,4,3,3,0,0,0,0,0,3,5,3,3,3,3,5,4,4,4
871,2022,2,24,male,PL,IT,0,5,5,5,5,5,5,5,5,5,5,5,5,5,5,5,5,5,5,5,5,5,5,5,5,5,5,2,2,2,1,1,4,4,4,4,5,5,5,5,5,5,5,5,5,5,5,5,5,5,5
872,2022,2,21,male,PL,IT,0,5,5,3,5,4,4,4,4,3,3,4,4,4,4,3,3,3,4,3,3,4,4,4,4,5,5,3,3,3,3,3,5,4,5,5,5,5,4,5,5,5,4,5,4,5,4,5,4,4,5
873,2022,2,22,male,PL,IT,0,5,5,4,2,5,5,5,4,2,5,5,5,5,5,4,3,2,5,5,5,5,5,5,5,4,5,2,2,1,2,4,5,4,5,0,0,0,0,0,0,4,5,4,5,5,0,4,0,5,5
874,2022,2,20,male,PL,IT,0,5,5,4,4,5,5,5,4,4,3,3,4,4,4,3,3,2,3,4,3,5,3,4,4,3,3,2,2,2,1,1,0,0,0,0,0,0,0,0,0,4,4,4,4,0,3,3,4,4,4
875,2022,2,23,male,PL,IT,0,5,5,5,4,5,5,4,5,4,4,4,5,4,5,4,3,4,4,4,4,4,5,5,5,5,4,2,2,3,2,2,5,4,5,0,0,0,5,0,0,0,0,0,0,0,0,4,4,0,4
876,2022,2,21,male,PL,IT,0,5,5,5,4,5,5,5,3,5,5,5,5,4,4,4,3,3,5,1,5,2,4,5,5,4,4,1,2,2,2,1,0,0,0,0,0,0,0,0,0,0,0,0,0,0,3,4,4,4,4
877,2022,2,21,male,PL,IT,10,5,5,5,1,5,4,4,3,5,1,1,4,4,4,2,3,1,4,3,3,1,1,4,4,4,5,1,1,1,1,1,5,5,5,5,3,3,4,2,1,0,5,5,5,1,5,5,1,1,1
878,2022,2,18,male,PL,IT,0,5,5,4,3,2,5,4,3,4,3,4,5,2,2,1,2,4,5,5,4,3,5,4,3,4,2,2,4,2,1,1,5,4,4,4,3,4,3,3,3,3,3,2,4,3,2,2,2,4,4
879,2022,2,20,male,PL,IT,1,5,5,2,2,4,4,4,4,4,3,2,3,3,4,2,3,2,4,2,4,3,4,4,4,4,3,2,2,2,2,3,0,0,0,0,0,0,4,0,0,3,0,0,0,0,4,4,4,4,4
880,2022,2,19,female,PL,IT,0,4,4,4,2,3,4,4,4,3,2,3,4,4,5,3,4,4,4,4,3,3,3,4,4,3,4,3,3,2,2,1,4,4,5,0,0,0,4,0,0,3,4,4,4,0,4,4,0,5,5
881,2022,2,22,male,PL,IT,0,5,5,5,2,5,5,5,4,5,4,4,5,4,5,2,4,4,5,5,5,5,5,5,5,5,5,4,1,1,1,1,0,0,0,0,5,0,5,4,4,5,5,5,5,4,5,5,5,5,5
882,2022,2,21,female,PL,IT,0,5,5,5,2,5,5,5,5,5,3,4,5,5,5,5,4,4,4,4,4,5,5,5,5,5,5,2,2,2,1,1,5,5,5,5,4,0,4,0,5,4,4,4,4,4,5,5,5,5,5
883,2022,2,21,male,PL,IT,0,5,5,4,4,5,5,4,5,4,4,4,5,5,5,4,4,5,5,4,4,4,4,5,5,5,5,2,2,1,1,1,0,0,0,0,0,0,0,0,0,0,0,0,0,0,0,0,0,0,0
884,2022,2,21,male,PL,IT,0,1,1,1,1,1,1,1,1,1,1,1,1,1,1,2,3,4,4,3,2,3,2,4,3,5,5,4,5,4,3,5,0,0,5,5,5,1,5,4,4,4,3,4,5,4,5,4,0,5,4
885,2022,2,21,male,PL,IT,0,5,5,5,5,5,5,5,5,5,5,5,5,4,4,4,3,2,5,4,4,4,4,5,4,4,4,1,1,1,1,1,5,0,0,0,0,0,0,0,0,0,0,0,0,0,0,0,0,0,0
886,2022,2,22,male,PL,IT,0,5,5,3,5,5,5,5,3,5,2,4,5,3,3,3,3,5,5,5,5,5,5,5,5,5,5,1,1,1,1,1,0,0,0,0,0,0,0,0,0,0,0,0,0,0,0,0,0,0,0
887,2022,2,20,male,PL,IT,0,5,5,5,1,3,4,5,5,2,3,5,5,4,5,4,3,4,5,4,2,1,4,5,5,3,4,2,2,2,1,1,5,2,2,3,3,3,3,3,3,4,4,3,2,4,4,4,3,4,3
888,2022,2,20,male,PL,IT,0,5,5,4,5,5,5,5,5,4,3,4,5,4,5,4,5,5,5,5,3,3,4,5,5,4,4,1,1,1,1,1,4,4,5,3,4,5,5,4,5,5,5,5,5,5,4,4,5,4,4
889,2022,2,21,male,PL,IT,0,5,5,4,5,5,5,5,5,5,4,4,4,5,5,3,5,3,4,5,5,5,5,5,5,5,5,1,1,1,1,1,0,0,0,0,0,0,0,0,0,4,4,3,4,4,5,5,5,5,5
890,2022,1,20,female,PL,IT,0,4,4,4,4,3,4,4,4,4,4,4,4,5,5,4,4,4,4,4,4,4,4,4,4,4,4,3,4,4,4,4,4,4,5,3,3,3,4,3,3,4,4,4,4,4,4,3,3,4,3
891,2022,2,21,male,PL,IT,0,5,5,5,4,4,5,5,4,4,3,4,5,4,5,3,4,4,4,4,4,3,4,5,5,4,3,3,4,2,2,2,4,4,4,0,4,0,4,0,0,4,4,4,5,4,4,4,4,4,5
892,2022,2,24,female,PL,IT,0,5,5,3,5,2,5,5,5,5,5,2,5,4,4,1,3,3,2,1,4,2,4,5,4,2,4,2,2,1,3,3,3,3,3,3,0,0,0,0,0,4,4,4,4,4,2,2,2,2,2
893,2022,2,20,male,PL,IT,2,5,5,2,1,2,5,5,4,2,4,3,5,5,3,2,4,4,5,5,4,2,4,5,5,4,4,4,4,2,3,5,5,2,5,5,4,5,4,4,5,5,5,2,5,2,4,4,4,5,0
894,2022,2,22,male,PL,IT,5,5,5,5,2,5,5,5,5,5,3,3,5,3,4,2,3,3,5,4,4,3,3,5,5,4,4,1,1,1,1,1,5,4,3,4,4,4,4,4,3,4,4,4,4,4,4,4,4,4,4
895,2022,3,22,male,PL,IT,20,5,5,5,5,5,5,5,5,5,3,4,4,4,5,4,4,4,5,5,4,3,4,5,4,3,4,2,3,1,1,1,5,0,0,0,4,0,5,0,4,3,4,0,4,1,4,4,5,4,4
896,2022,3,36,female,PL,IT,40,4,5,4,5,4,4,4,3,3,3,3,4,4,4,3,3,4,3,4,3,4,3,4,4,3,4,2,1,1,1,1,0,3,4,3,0,0,4,0,0,3,4,3,4,2,3,3,3,4,4
897,2022,3,22,male,PL,IT,4,5,5,2,2,5,5,5,5,4,5,5,5,5,5,3,4,5,2,4,5,2,5,3,1,3,4,1,1,1,2,1,5,4,5,4,5,5,5,5,5,4,4,5,5,4,5,5,5,4,5
898,2022,3,30,male,PL,IT,40,5,5,5,5,4,4,4,4,4,4,5,5,5,5,5,5,5,5,4,5,5,5,5,5,4,4,2,2,2,2,2,4,4,4,4,4,4,4,4,4,4,4,4,4,4,4,4,4,4,4
899,2022,3,22,male,PL,IT,20,5,5,2,5,4,4,5,4,1,2,5,3,4,4,1,3,3,1,4,3,4,1,3,3,2,2,1,2,2,1,1,2,3,2,4,4,0,4,4,3,2,4,5,4,5,2,2,5,4,4
900,2022,1,27,male,PL,IT,26,5,4,4,3,2,5,4,4,4,2,4,5,4,4,3,4,2,4,4,4,4,3,5,4,4,3,2,3,1,1,1,5,3,3,4,4,3,5,4,3,4,4,2,2,2,4,4,4,4,3
901,2022,2,21,male,PL,IT,1,4,4,4,4,4,4,4,4,4,4,4,4,3,3,4,3,4,4,4,4,4,4,4,4,4,4,2,2,2,3,2,4,3,4,4,3,3,3,3,3,3,3,3,3,3,3,3,3,3,3
902,2022,2,20,male,PL,IT,0,5,5,4,5,4,4,5,4,3,2,3,3,4,3,3,3,2,4,3,4,4,4,4,2,3,3,2,4,3,3,3,5,5,4,3,3,3,3,3,3,3,3,3,3,3,3,3,5,3,3
903,2022,2,21,male,PL,IT,0,5,5,4,3,3,4,5,5,4,1,3,4,4,5,3,3,4,4,4,4,3,4,5,5,3,4,4,3,1,1,1,0,0,0,0,0,0,0,0,0,0,0,0,0,0,0,3,4,3,3
904,2022,2,21,male,PL,IT,8,5,5,3,3,2,5,5,5,5,4,3,5,4,4,3,3,4,5,5,4,4,3,4,4,4,3,2,3,1,1,1,4,4,5,4,4,5,4,4,4,3,4,2,4,3,3,3,4,3,3
905,2022,2,21,male,PL,IT,0,5,5,5,2,1,5,5,5,5,5,4,5,5,5,2,3,5,3,3,5,3,5,5,5,1,4,2,3,2,2,1,5,0,0,0,3,0,3,0,3,0,0,0,0,0,4,4,4,5,5
906,2022,2,21,male,PL,IT,0,5,5,5,5,5,5,4,5,3,3,4,5,3,5,4,4,5,5,3,4,2,3,5,4,2,4,2,3,1,1,1,0,0,0,0,0,0,0,0,0,0,0,0,0,0,0,0,5,0,0
907,2022,2,21,male,PL,IT,0,5,5,5,4,5,5,5,5,4,5,4,5,5,5,4,5,5,5,5,5,5,4,5,4,4,5,2,2,1,1,1,0,0,0,0,0,0,0,0,0,0,0,0,0,0,4,5,5,3,5
908,2022,2,21,male,PL,IT,0,5,5,5,5,5,4,4,4,4,2,4,4,4,5,3,3,2,3,3,4,3,4,5,4,4,4,3,2,2,2,2,2,4,5,0,0,0,0,0,0,0,0,0,0,0,0,0,0,0,0
909,2022,2,21,male,PL,IT,0,5,5,3,4,3,4,4,4,3,2,3,5,3,4,2,3,3,1,3,3,3,3,4,2,4,2,3,4,2,3,3,3,3,2,0,0,0,3,0,0,0,0,0,0,0,2,2,2,2,2
910,2022,2,21,male,PL,IT,0,5,5,3,3,4,4,4,3,3,2,3,3,2,4,2,3,3,4,3,2,4,4,4,4,4,3,2,2,1,3,3,4,4,5,0,3,0,4,0,0,4,4,3,4,4,3,3,4,4,4
911,2022,3,22,male,PL,IT,0,1,3,1,2,3,1,1,2,2,2,2,1,4,3,4,5,4,2,2,3,1,3,2,2,4,4,2,1,1,3,3,3,4,3,3,3,3,2,3,3,3,2,4,2,5,3,3,2,4,2
912,2022,2,21,male,PL,IT,0,5,5,2,2,4,4,5,4,4,3,2,3,4,4,3,4,3,2,1,3,5,4,4,4,5,4,3,4,3,3,4,3,3,3,3,3,3,3,3,3,2,4,4,3,3,4,3,3,5,3
913,2022,2,20,male,PL,IT,0,5,5,5,5,5,5,5,5,5,5,5,5,5,5,5,5,5,5,5,5,5,5,5,5,5,5,5,5,5,5,5,0,0,0,0,0,0,0,0,0,0,0,0,0,0,0,0,5,0,0
914,2022,3,21,male,PL,IT,24,5,5,4,1,5,4,4,2,4,2,2,4,2,2,2,2,2,3,2,3,3,3,2,4,2,2,2,2,2,2,2,2,2,2,2,2,2,2,2,2,3,3,3,3,3,2,2,4,2,2
915,2022,1,21,male,PL,IT,1,5,5,5,2,2,5,5,5,5,4,2,5,4,5,2,4,3,4,2,4,1,4,4,4,4,3,4,2,2,4,4,4,4,2,4,5,5,3,4,4,3,3,4,4,4,4,4,4,4,4
916,2024,4,23,male,PL,IT,30,5,5,4,1,5,5,5,4,5,1,4,5,4,5,5,4,5,5,4,5,4,3,5,5,1,4,2,2,1,3,3,4,4,5,4,4,5,4,4,4,2,4,1,5,3,4,3,5,3,5
917,2024,3,23,male,PL,IT,0,5,5,5,4,5,3,5,1,4,1,1,4,1,1,1,1,1,1,1,1,5,5,3,1,1,1,5,5,5,5,5,0,1,1,1,1,1,1,1,1,0,0,0,0,0,0,1,0,0,0
918,2024,3,21,male,PL,IT,20,5,5,5,4,5,5,5,5,5,4,4,4,4,4,4,4,5,5,5,4,3,5,5,5,5,5,2,2,1,1,1,5,5,5,5,5,0,5,0,4,5,5,5,5,5,4,5,5,5,5
919,2024,3,22,male,PL,IT,16,5,5,4,2,5,5,4,4,5,4,4,5,5,5,3,5,4,5,5,5,5,5,5,4,4,5,2,3,1,1,1,5,4,5,5,5,4,5,4,4,0,0,0,0,0,0,5,0,4,5
920,2024,4,25,male,PL,IT,0,4,4,2,5,5,5,5,5,5,4,4,4,5,2,3,1,5,5,4,4,2,2,4,1,1,1,2,3,1,1,2,0,0,0,0,0,0,0,0,0,0,0,0,0,0,0,0,0,0,0
921,2024,3,22,male,PL,IT,0,5,5,5,5,5,5,5,5,5,4,5,5,5,5,4,4,5,5,5,3,3,4,5,5,5,4,2,2,2,1,1,4,5,4,3,5,3,0,3,3,5,0,5,0,5,5,5,5,5,5
922,2024,3,22,male,PL,IT,0,5,5,4,3,5,5,5,5,5,2,3,5,4,5,4,3,3,4,3,3,4,4,5,5,3,4,3,4,4,3,3,5,4,5,4,3,3,4,3,3,3,4,3,3,3,4,3,4,4,4
923,2024,4,27,male,PL,IT,30,5,4,3,5,5,5,5,4,4,3,3,5,5,5,3,4,3,4,2,4,4,4,5,4,4,4,3,3,3,3,3,4,4,5,4,5,4,4,3,4,4,4,4,5,4,5,5,5,5,5
924,2024,3,21,male,PL,IT,0,5,5,2,2,5,4,4,2,3,1,2,5,4,4,4,1,4,4,4,3,4,2,4,4,1,4,4,4,2,4,1,0,0,0,0,1,0,2,0,0,3,0,3,3,2,4,1,4,4,4
925,2024,3,19,female,PL,IT,100,5,5,5,5,5,5,5,5,5,5,5,5,5,5,5,5,5,5,5,5,5,5,5,5,5,5,1,1,1,1,1,5,5,5,5,5,5,5,5,5,5,5,5,5,5,5,5,5,5,5
926,2024,3,22,male,PL,IT,8,5,5,3,2,5,4,4,4,2,1,3,4,5,5,3,4,3,3,4,2,4,4,5,5,5,5,3,3,2,4,5,3,3,3,4,4,4,4,4,3,3,3,2,0,2,4,4,4,4,3
927,2024,4,23,male,PL,IT,60,4,5,3,5,5,5,5,4,5,3,3,5,4,2,4,2,4,5,3,4,2,5,4,3,3,4,2,2,2,1,2,4,4,3,4,4,4,4,3,4,5,5,2,0,4,3,3,5,4,4
928,2024,3,21,male,PL,IT,90,5,5,4,1,4,4,4,2,5,4,2,5,5,5,4,5,5,2,4,5,5,5,5,5,4,5,4,4,4,4,2,5,4,4,5,5,0,5,0,0,4,4,4,4,4,5,5,4,2,5
929,2024,2,23,male,PL,IT,0,5,5,5,4,5,5,5,5,4,4,4,5,4,4,2,3,3,4,5,4,1,2,4,3,3,4,2,2,2,2,1,5,2,2,0,0,0,4,0,0,0,4,0,4,0,4,3,5,3,3
930,2024,1,21,male,PL,IT,15,5,5,4,1,2,4,5,2,1,2,5,5,3,4,4,2,4,1,2,3,5,3,4,3,2,3,4,3,2,1,1,0,0,0,0,0,0,0,0,0,0,0,0,0,0,0,0,0,0,0
931,2024,3,22,male,PL,IT,3,5,5,5,5,5,5,5,5,4,3,4,5,4,5,3,4,5,5,5,3,2,3,5,5,4,4,1,1,1,1,1,4,4,3,4,3,3,5,4,3,0,0,0,0,0,5,4,5,5,5
932,2024,4,23,male,PL,IT,45,5,5,5,3,4,5,5,5,4,4,4,5,4,4,4,4,4,4,5,4,5,4,5,5,3,4,2,4,2,2,1,4,3,4,3,4,3,5,3,4,4,4,4,5,4,4,4,4,4,4
933,2024,3,22,male,PL,IT,0,5,5,5,5,5,5,5,5,5,5,5,5,2,3,4,1,1,5,5,5,3,5,4,4,1,2,1,1,1,1,1,0,0,0,0,0,0,0,0,0,5,4,4,4,4,0,0,0,0,5
934,2024,3,22,male,PL,IT,0,5,5,3,2,5,3,4,2,4,1,1,5,4,4,2,3,4,2,3,3,5,4,4,5,4,4,4,5,5,2,5,0,0,0,0,0,0,0,0,0,0,0,0,0,0,0,0,0,0,0
935,2024,3,23,male,PL,IT,20,5,5,4,5,4,5,5,5,4,4,3,5,4,4,3,2,4,3,4,4,5,1,4,3,3,3,1,2,1,1,1,4,3,2,3,2,3,4,3,3,3,3,2,4,3,2,2,5,4,5
936,2024,3,21,male,PL,IT,4,5,5,5,5,4,5,5,5,5,1,4,5,5,5,2,4,4,4,3,4,3,3,5,4,5,5,4,4,4,1,2,4,4,3,4,4,4,4,4,3,4,4,4,4,4,5,5,5,5,5
937,2024,3,20,female,PL,IT,1,5,5,5,4,3,5,5,5,5,3,4,4,5,5,5,4,5,5,4,5,4,3,5,4,5,5,1,1,1,1,1,5,4,0,0,4,0,5,0,4,4,4,4,4,4,4,4,4,4,5
938,2024,3,22,male,PL,IT,4,5,5,4,3,4,5,4,5,3,3,4,5,5,4,4,3,3,3,4,4,3,4,5,5,4,4,2,2,1,1,1,4,4,4,0,4,0,4,0,4,4,4,4,5,4,4,3,4,4,4
939,2024,3,26,male,PL,IT,0,5,5,5,2,5,5,5,5,5,3,4,5,5,5,4,4,5,4,2,5,4,5,5,5,4,4,1,2,1,1,1,3,3,3,3,4,3,5,3,4,4,4,3,3,3,3,5,0,0,0
940,2024,2,22,male,PL,IT,0,5,5,5,4,5,5,5,5,5,4,2,4,5,5,1,4,5,5,4,5,2,4,5,5,5,5,2,5,2,1,1,0,0,0,0,0,0,0,0,0,0,0,0,0,0,5,5,5,5,5
941,2024,3,22,male,PL,IT,0,4,5,4,2,1,4,4,5,5,1,4,4,3,2,2,2,4,4,4,5,3,3,4,4,3,2,1,1,1,1,1,4,3,4,3,3,3,4,3,3,4,4,2,4,4,4,3,5,5,5
942,2024,4,38,male,PL,IT,0,5,5,4,4,4,4,3,3,1,4,4,2,3,4,3,2,2,3,4,4,5,3,5,3,3,3,1,1,1,1,2,0,0,0,0,0,0,0,0,0,0,0,0,0,0,0,0,0,0,0
943,2024,4,24,male,PL,IT,3,5,5,5,4,5,5,5,5,5,5,5,5,4,4,4,4,5,5,4,4,3,5,5,4,5,5,2,1,1,1,1,5,5,5,4,5,5,4,4,4,4,5,4,4,4,5,5,5,5,5
944,2024,4,24,male,PL,IT,60,4,4,4,4,4,5,4,5,5,4,4,5,5,5,5,4,5,5,5,4,1,1,5,5,5,4,1,1,1,1,1,5,5,4,4,4,3,4,3,5,3,5,4,4,4,4,4,4,5,5
945,2024,3,23,male,PL,IT,45,5,5,5,1,2,5,5,5,4,5,4,5,5,5,4,4,4,5,4,5,4,4,4,4,5,4,5,5,5,5,4,5,2,4,4,4,5,5,4,4,2,4,2,4,2,4,2,5,5,5
946,2024,3,21,male,PL,IT,16,5,5,4,1,4,4,5,4,4,3,3,4,4,4,4,4,4,4,4,3,3,4,4,4,4,3,4,2,2,2,2,4,4,4,3,3,4,4,4,3,3,2,2,4,4,4,3,4,4,4
947,2024,3,19,male,PL,IT,15,5,5,5,5,5,5,5,5,5,5,5,5,5,5,4,4,5,5,4,3,2,4,5,4,2,3,2,4,4,1,4,4,4,5,0,4,4,2,2,2,4,4,4,4,4,0,0,0,0,0
948,2024,3,23,male,PL,IT,1,5,5,4,3,2,5,5,5,4,2,4,4,4,4,4,1,3,3,3,3,3,3,5,3,3,4,3,3,2,2,2,4,4,4,2,3,4,4,2,3,2,4,3,4,2,4,4,0,0,0
949,2024,4,24,male,PL,IT,40,5,5,4,4,4,4,4,4,4,4,4,5,4,4,4,4,4,4,4,4,4,4,4,4,4,4,2,2,2,2,2,5,5,5,5,5,5,5,5,5,5,5,5,5,5,5,5,5,5,5
950,2024,3,21,female,PL,education,0,5,5,1,2,5,4,3,1,3,1,2,5,1,4,1,3,3,1,2,1,4,3,4,2,1,2,5,3,1,5,5,3,3,3,3,1,3,1,3,1,3,3,3,3,3,2,1,1,1,1
951,2024,2,20,female,PL,education,10,1,1,1,1,1,2,1,1,1,1,2,1,1,2,1,1,1,1,1,1,1,1,1,1,1,1,1,1,1,1,1,1,1,1,1,1,1,1,1,1,1,1,1,1,1,1,1,1,1,1
952,2024,3,21,female,PL,education,26,5,5,5,5,5,4,4,4,4,4,4,5,4,4,4,4,4,4,4,4,4,4,4,3,3,4,2,2,2,2,2,4,4,4,4,4,4,4,4,4,4,4,4,4,4,4,4,4,4,4
953,2024,3,21,female,PL,education,0,4,5,4,4,4,4,4,3,4,3,3,4,4,4,4,4,4,5,5,5,5,5,4,3,3,3,3,2,2,2,2,4,4,4,4,4,4,3,4,2,4,4,4,4,4,5,4,4,3,3
954,2024,3,22,female,PL,education,26,5,5,1,1,5,3,3,1,3,3,3,5,3,4,3,3,3,3,3,3,3,3,5,3,3,3,5,5,5,5,5,0,0,3,0,3,3,3,3,3,3,3,3,3,3,3,3,3,3,3
955,2024,3,21,female,PL,education,0,4,5,4,4,4,4,4,3,3,1,3,4,3,3,3,3,4,2,3,3,4,3,4,3,2,2,4,4,3,3,3,0,0,0,0,3,3,3,3,3,3,4,3,3,3,3,3,4,4,3
956,2024,3,21,female,PL,education,0,3,3,3,3,3,4,4,3,3,3,3,4,3,4,3,3,3,4,4,4,3,3,4,4,3,4,2,2,1,2,1,4,4,3,3,3,3,4,3,3,3,3,3,4,3,4,4,4,4,4
957,2024,3,21,female,PL,education,30,5,5,4,4,5,5,3,4,3,3,4,5,4,4,4,3,4,3,3,3,4,4,5,5,2,4,5,4,3,4,2,4,4,1,4,3,4,3,4,3,3,5,3,4,5,5,3,4,4,5
958,2024,4,23,female,PL,education,0,4,4,2,4,4,4,4,4,4,4,4,4,4,4,4,4,4,4,4,4,4,4,4,4,4,4,4,4,4,4,4,4,4,4,4,4,4,4,4,4,4,4,4,4,4,4,4,4,4,4
959,2024,4,23,female,PL,education,0,4,4,2,4,3,4,3,3,4,3,4,3,3,3,2,3,3,3,3,3,3,3,4,4,3,3,2,3,3,4,3,3,3,3,3,3,3,3,3,3,3,3,3,3,3,3,3,3,3,3
960,2024,4,22,female,PL,education,0,5,5,4,5,5,4,4,3,3,1,4,5,3,3,3,3,3,5,4,3,4,5,5,5,4,4,4,5,5,3,5,5,5,5,4,4,4,5,4,3,3,4,4,5,5,5,5,4,3,5
961,2024,4,22,female,PL,education,0,3,4,4,4,4,5,5,4,4,3,4,4,4,4,5,4,4,4,4,4,4,4,4,3,4,4,4,4,2,3,3,5,5,5,5,4,4,3,3,4,4,4,4,4,4,4,4,4,4,4
962,2024,3,26,female,PL,IT,25,5,5,5,5,5,5,5,5,5,3,4,5,4,5,5,2,3,3,5,3,5,3,5,3,5,5,5,5,5,4,4,3,2,1,5,2,5,4,5,4,4,4,4,4,4,4,2,5,5,5
963,2024,1,23,male,PL,IT,10,5,5,5,5,5,5,5,5,5,3,4,5,4,2,4,2,5,5,5,5,5,5,4,5,1,2,5,5,2,1,1,4,4,5,4,4,4,4,4,4,5,5,2,4,3,4,2,5,5,5
964,2024,3,52,male,PL,IT,50,5,5,4,3,4,5,5,4,4,2,3,4,4,5,3,4,4,2,3,3,4,4,4,4,3,4,4,4,3,4,4,4,3,3,4,4,4,4,4,3,4,4,4,4,4,4,4,4,4,4
965,2024,4,23,male,PL,IT,20,5,5,4,3,4,4,4,4,4,4,2,5,4,4,3,3,4,5,4,5,4,4,5,4,3,3,4,2,2,2,5,5,0,0,0,4,3,4,3,3,4,4,3,5,5,3,3,5,5,5
966,2024,4,24,male,PL,IT,20,5,5,5,3,5,5,5,5,4,2,2,5,3,5,3,3,5,2,2,5,5,4,5,2,5,5,4,4,2,1,1,4,2,4,3,3,3,4,3,3,2,4,2,4,2,4,4,5,5,5
967,2024,4,23,female,PL,education,4,5,5,4,4,4,4,4,4,4,3,4,4,3,3,3,3,4,4,4,4,4,4,4,2,2,2,3,3,3,1,2,4,4,4,4,3,3,4,3,3,4,4,4,4,4,4,4,4,4,3
968,2024,4,22,female,PL,education,4,5,5,4,4,4,4,4,4,4,3,4,5,5,3,3,3,4,4,4,3,4,4,4,3,3,4,4,4,2,2,2,4,0,0,0,4,0,4,0,3,3,0,3,3,3,4,3,2,4,4
969,2024,4,23,female,PL,education,1,1,1,2,2,2,1,1,1,1,1,2,1,1,2,1,2,2,2,2,2,2,2,2,2,2,2,2,2,2,2,2,2,2,2,2,2,2,2,2,2,2,2,2,2,2,2,2,2,2,2
970,2024,4,24,female,PL,education,5,4,4,4,4,4,4,4,4,4,2,4,4,4,4,4,3,3,4,3,4,3,4,4,4,4,4,3,3,2,2,4,0,0,3,0,3,3,0,0,0,4,4,2,2,3,0,0,4,4,3
971,2024,4,22,female,PL,education,0,4,4,3,3,4,4,4,2,2,1,1,4,3,3,2,1,1,3,2,2,2,2,3,1,1,1,4,4,3,3,3,0,0,0,0,3,3,3,3,3,3,3,3,3,3,3,3,3,3,3
972,2024,4,23,female,PL,education,5,5,5,5,5,5,5,5,5,5,3,4,5,5,4,4,2,2,4,4,4,5,4,5,3,3,3,2,2,2,2,2,5,2,2,0,3,4,5,4,4,0,0,0,0,0,4,2,2,5,5
973,2024,4,22,female,PL,education,5,5,5,4,2,5,4,4,4,4,2,5,5,4,4,4,2,2,4,2,4,4,4,4,2,1,1,5,5,5,5,5,4,1,1,0,1,0,1,0,0,0,0,0,0,0,1,1,1,1,4
974,2024,3,21,female,PL,education,0,4,4,4,4,4,4,4,4,4,4,4,4,4,4,3,2,3,4,4,3,4,3,4,4,3,3,3,3,3,3,3,0,0,0,0,3,3,3,3,3,3,3,3,3,3,3,3,3,3,3
975,2024,3,22,female,PL,education,13,5,5,5,5,5,5,5,5,5,5,5,5,5,5,5,5,5,5,5,5,5,5,5,5,5,5,4,4,4,4,4,0,0,0,0,0,0,0,0,0,0,0,0,0,0,0,0,0,0,0
976,2024,2,21,male,PL,IT,0,5,5,5,5,5,5,5,5,5,4,5,5,5,5,5,5,5,5,5,5,5,5,5,5,5,5,5,5,3,1,1,0,0,0,0,0,0,0,3,3,0,0,0,0,0,0,0,0,0,0
977,2024,2,22,male,PL,IT,0,5,5,4,2,5,5,5,4,5,3,4,5,5,5,2,2,2,5,4,4,3,4,5,5,5,4,2,4,2,2,2,3,3,3,3,4,4,5,4,4,5,5,5,5,5,5,5,0,0,0
978,2024,2,22,male,PL,IT,0,5,5,1,1,4,4,4,3,4,2,1,4,4,4,2,2,2,3,2,2,5,1,4,4,2,3,4,4,3,2,3,3,3,3,3,2,3,4,3,3,4,4,3,4,4,3,1,4,3,3
979,2024,2,21,male,PL,IT,0,5,5,4,5,5,5,5,5,4,4,4,5,5,4,5,2,4,2,4,4,2,4,5,5,5,4,1,1,1,1,1,4,4,5,4,3,3,4,3,3,4,5,5,5,5,5,5,3,0,0
980,2024,2,21,male,PL,IT,0,5,5,4,3,4,5,4,4,4,3,4,4,3,3,3,3,3,4,2,3,2,3,4,4,3,3,3,3,3,2,2,3,2,2,0,0,0,0,0,0,3,3,3,4,3,2,2,3,4,4
981,2024,2,20,male,PL,IT,0,5,5,4,3,5,5,5,5,4,2,4,5,5,5,4,4,3,4,4,5,3,3,5,5,4,3,5,5,5,3,3,0,0,0,0,5,0,5,0,0,0,0,0,0,0,0,0,5,5,5
982,2024,2,21,male,PL,IT,0,5,5,5,5,5,5,5,5,5,3,3,2,4,2,1,2,5,5,4,2,5,1,4,4,2,1,4,4,2,1,1,3,3,3,3,3,3,3,3,3,4,4,3,3,3,2,2,5,5,5
983,2024,2,23,male,PL,IT,0,5,5,5,2,4,4,4,3,2,2,3,4,4,4,3,3,2,3,4,3,4,3,4,4,3,3,3,4,2,1,1,4,4,4,0,4,0,4,0,3,4,4,0,0,0,4,2,4,4,4
984,2024,2,20,male,PL,IT,0,5,5,4,4,5,5,5,5,4,3,3,4,4,4,5,4,4,4,4,3,3,3,5,5,4,4,3,4,3,3,4,5,4,0,0,3,0,4,0,3,3,4,3,5,4,5,4,4,5,5
985,2024,2,21,male,PL,IT,0,5,5,4,4,4,5,5,5,5,4,5,5,5,5,5,4,4,4,4,4,4,4,5,5,5,4,2,1,2,3,2,4,4,5,0,0,0,4,0,0,4,4,3,4,3,4,4,4,4,4
986,2024,2,22,male,PL,IT,0,5,5,5,5,4,5,4,5,4,3,4,5,4,5,4,5,4,4,3,4,2,4,5,3,5,4,2,4,3,2,1,4,4,4,0,0,0,4,0,0,3,4,3,5,0,4,4,5,4,4
987,2024,2,20,male,PL,IT,0,5,5,4,4,5,5,4,4,4,3,4,4,4,4,3,5,4,3,4,4,4,5,5,4,4,4,4,4,3,2,2,4,2,4,3,5,0,4,0,0,4,4,3,4,4,4,4,4,4,4
988,2024,2,22,male,PL,IT,0,5,5,5,5,4,2,5,5,5,3,3,5,5,5,5,5,5,5,2,3,5,3,5,5,5,5,4,4,2,4,5,4,4,5,0,5,0,5,0,3,4,5,4,4,0,5,5,5,5,5
989,2024,2,21,female,PL,IT,0,5,5,3,5,3,4,4,4,3,2,3,4,3,4,5,3,4,4,2,4,3,3,5,4,3,2,2,3,2,2,1,5,2,3,0,0,0,0,0,0,4,4,0,0,0,0,0,0,0,0
990,2024,2,20,female,PL,IT,0,5,5,3,1,4,5,5,4,5,2,2,5,4,5,4,4,3,4,2,3,2,4,5,5,5,5,4,4,2,2,2,4,4,2,0,4,0,5,0,0,5,5,5,5,5,5,3,5,5,5
991,2024,2,20,female,PL,IT,0,5,5,4,5,5,5,5,5,5,5,4,5,5,5,3,4,5,5,5,5,4,4,5,5,4,5,3,5,5,1,1,4,4,4,0,5,0,5,0,0,4,4,4,5,3,4,3,5,5,5
992,2024,2,22,male,PL,IT,0,5,5,5,3,5,5,5,3,3,1,4,4,3,3,3,2,4,5,4,4,3,3,3,4,3,3,1,2,2,1,1,0,0,0,0,0,0,0,0,0,2,0,0,0,0,3,2,4,5,5
993,2024,2,22,male,PL,IT,0,5,5,3,4,3,5,5,5,4,4,4,5,5,4,4,5,5,4,3,4,3,3,5,5,5,4,3,5,2,2,2,5,4,4,0,5,0,5,0,3,3,4,3,5,3,4,5,5,5,5
994,2024,2,21,male,PL,IT,0,5,5,5,5,4,5,5,5,5,4,4,5,5,5,5,3,5,2,2,4,5,4,5,4,4,4,3,5,4,2,3,4,3,3,3,2,3,3,3,3,3,4,4,4,4,3,2,5,4,5
995,2024,2,21,male,PL,IT,0,5,5,5,5,5,5,5,4,4,2,5,5,5,5,5,5,5,5,5,5,5,5,5,5,5,5,4,3,4,3,5,5,4,5,5,5,0,4,5,5,0,5,5,0,5,5,5,5,0,0
996,2024,2,21,female,PL,IT,1,5,5,3,4,4,5,5,5,3,2,2,4,3,4,4,3,3,4,3,3,3,3,4,3,3,3,4,4,4,3,3,3,3,3,3,3,3,3,3,3,3,3,3,3,3,3,3,3,3,3
997,2024,2,20,female,PL,IT,0,1,1,1,2,1,1,1,1,1,1,1,1,1,1,2,2,1,4,4,4,4,4,4,4,4,4,4,4,4,4,4,5,5,5,5,5,5,5,5,5,5,5,5,5,5,5,5,5,5,5
998,2024,1,22,other,PL,IT,1,3,3,3,3,3,3,3,3,3,3,3,3,3,3,3,3,3,3,3,3,3,3,3,3,3,3,3,3,3,3,3,3,3,3,3,3,3,3,3,3,3,3,3,3,3,3,3,3,3,3
999,2024,1,20,other,PL,IT,0,5,5,5,3,4,5,5,4,4,4,5,5,5,5,5,5,5,5,5,5,5,5,5,5,5,5,2,2,2,2,2,0,0,0,0,0,0,0,0,0,0,0,0,0,0,0,0,0,0,0
1000,2024,2,21,male,PL,IT,0,5,5,5,5,5,5,5,5,5,5,5,4,5,5,4,5,4,4,4,4,4,3,5,5,5,5,3,4,4,1,2,0,5,5,4,0,0,0,5,5,5,0,4,5,4,4,5,4,3,4
1001,2024,2,20,female,PL,IT,2,4,5,5,2,3,5,4,4,3,4,4,5,4,4,3,4,3,5,5,5,4,3,4,4,4,4,3,2,2,1,2,4,4,4,4,4,4,4,4,4,4,4,4,4,4,4,4,4,4,4
1002,2024,2,22,male,PL,IT,0,5,5,5,1,5,5,5,5,5,5,5,5,5,5,5,5,5,5,5,5,5,4,5,5,5,5,5,5,5,5,5,5,0,5,5,4,5,4,5,5,5,0,5,5,5,5,0,5,5,5
1003,2024,1,21,male,PL,IT,0,5,5,5,5,5,4,4,4,4,4,3,4,4,4,4,4,4,4,3,4,5,4,4,4,5,5,4,5,5,5,5,4,4,3,3,4,4,4,4,4,5,5,5,5,5,4,4,4,4,4
1004,2024,2,21,male,PL,IT,1,5,5,5,5,5,5,5,5,5,4,2,5,5,5,3,3,4,5,5,5,5,5,5,4,4,4,1,1,1,1,1,4,4,4,4,3,3,3,3,3,4,4,4,4,4,3,3,3,3,3
1005,2024,2,21,male,PL,IT,0,5,5,4,2,5,5,5,5,4,3,4,5,4,3,2,4,5,5,4,3,4,2,2,2,4,3,2,3,2,1,1,4,3,4,3,4,3,4,3,3,4,4,4,4,3,3,4,4,3,4
1006,2024,2,21,male,PL,IT,0,4,4,4,4,4,4,4,4,4,3,4,5,4,5,3,3,3,4,5,4,5,3,5,5,3,3,2,3,2,2,2,5,4,3,3,5,3,5,3,3,4,4,4,4,4,3,3,5,4,5
1007,2024,2,21,female,PL,IT,0,5,4,4,2,3,5,4,5,5,2,2,4,4,5,3,4,4,4,4,4,3,4,5,4,3,3,2,4,2,4,4,2,2,2,3,3,3,3,3,3,2,2,2,2,2,3,3,3,3,3
1008,2024,2,20,male,PL,IT,0,5,5,5,5,3,4,5,5,3,5,5,5,5,5,5,5,5,5,5,5,1,4,5,5,5,5,4,4,4,5,4,5,1,3,4,4,5,3,0,4,5,4,3,4,5,5,5,4,4,3
1009,2024,2,21,male,PL,IT,0,1,1,3,4,1,1,1,1,1,1,1,1,1,1,1,1,3,1,1,1,2,3,1,2,2,1,1,2,1,5,1,0,0,0,0,0,1,0,5,1,1,1,1,1,1,5,5,5,5,5
1010,2024,2,21,male,PL,IT,0,5,5,5,4,4,5,5,5,4,3,4,5,5,5,3,3,4,4,3,3,3,4,4,3,4,5,4,3,2,4,4,4,3,3,0,4,0,5,0,4,0,0,0,0,0,4,4,5,5,5
1011,2024,2,20,male,PL,IT,0,5,5,4,5,4,5,5,4,4,3,4,4,4,5,4,4,4,5,4,3,4,4,5,5,5,5,2,2,2,1,1,4,4,4,0,4,0,5,0,0,4,4,3,4,4,5,4,5,4,4
1012,2024,2,21,male,PL,IT,2,5,5,5,3,3,5,5,5,5,3,5,5,4,4,4,4,5,5,5,5,5,3,5,3,4,4,2,1,3,2,2,5,3,4,3,5,3,4,4,4,4,4,4,4,4,4,3,4,5,5
1013,2024,2,21,male,PL,IT,0,5,5,5,3,3,5,5,5,4,4,4,5,4,5,5,4,5,5,5,3,5,5,5,2,2,4,4,3,3,2,1,4,0,0,0,0,0,5,0,0,3,5,0,5,0,0,4,5,5,5
1014,2024,2,20,male,PL,IT,0,5,5,5,5,5,5,5,5,5,4,4,4,4,5,5,5,5,5,4,5,4,3,5,5,5,5,1,4,4,1,2,5,5,5,5,0,3,5,0,0,0,0,0,0,0,5,5,5,5,5
1015,2024,2,21,male,PL,IT,1,5,3,5,4,3,5,5,5,5,3,3,5,4,4,4,5,5,4,5,4,5,4,5,5,4,4,2,3,2,1,3,3,3,3,3,3,3,4,3,3,3,3,4,3,4,3,4,4,4,4
1016,2024,2,21,male,PL,IT,0,5,5,3,4,4,4,4,4,3,2,2,4,3,4,2,3,2,2,3,3,3,3,4,4,3,4,4,4,4,4,2,4,4,4,0,0,0,4,0,0,3,4,2,4,3,4,4,4,5,5
1017,2024,2,19,male,PL,IT,0,5,5,5,5,5,5,5,5,5,5,5,5,5,5,3,3,3,4,2,4,4,3,5,4,4,5,5,5,5,4,5,5,4,4,4,5,5,5,5,5,4,5,5,5,5,5,5,5,5,5
1018,2024,2,19,male,PL,IT,0,5,5,5,4,3,4,5,4,4,2,2,5,4,4,3,3,4,4,2,3,3,3,3,4,3,3,5,5,5,5,5,0,0,0,0,0,0,0,0,0,4,5,2,4,2,3,3,3,3,3
1019,2024,2,21,male,PL,IT,1,5,5,4,1,5,4,5,3,3,2,3,3,2,3,1,3,3,4,3,3,4,4,4,3,2,3,2,3,3,1,1,0,0,0,0,0,0,0,0,0,4,4,3,4,3,3,2,3,3,3
1020,2024,2,20,male,PL,IT,0,5,5,5,5,5,5,5,5,5,4,4,5,5,5,5,3,5,5,5,4,3,5,5,5,4,5,3,3,4,1,2,5,4,3,0,3,0,3,0,0,3,5,3,3,3,3,3,5,5,5
1021,2024,2,21,male,PL,IT,0,5,5,5,4,4,5,5,5,4,4,4,5,5,5,5,4,5,5,5,4,5,4,5,4,3,4,2,2,2,2,2,0,0,0,0,0,0,0,0,0,0,0,0,0,0,0,0,0,0,0
1022,2024,2,22,male,PL,IT,0,5,5,4,3,4,5,5,4,4,2,4,5,4,5,3,4,4,5,5,4,5,5,4,4,3,4,2,2,2,2,2,5,5,5,5,5,3,5,3,3,4,4,4,4,4,5,4,0,5,5
1023,2024,2,21,male,PL,IT,0,5,3,4,2,4,5,4,4,4,3,3,5,4,4,4,3,3,3,3,4,3,5,5,4,4,4,5,4,4,3,3,3,3,3,3,4,3,4,3,3,3,3,2,4,3,4,3,4,4,4
1024,2024,1,20,male,PL,education,0,5,5,4,3,2,4,5,2,3,1,2,5,4,4,3,4,2,1,1,2,5,5,5,5,3,2,2,1,1,1,3,5,0,0,3,3,3,5,3,3,3,5,5,5,5,4,2,4,5,4
1025,2024,1,23,female,PL,education,0,4,3,4,4,2,4,4,4,4,3,2,4,3,4,2,2,4,3,2,2,4,4,5,4,2,3,4,3,4,5,4,0,0,0,0,0,0,0,0,0,0,0,0,0,0,0,0,0,0,0
1026,2024,1,19,female,PL,education,0,5,5,4,4,5,4,4,2,4,3,1,4,2,4,4,1,4,4,3,4,3,2,4,1,1,3,4,4,4,3,4,0,0,0,0,4,0,3,0,4,0,0,0,0,0,4,2,1,4,4
1027,2024,1,19,female,PL,education,0,4,3,3,3,4,5,5,4,4,2,3,5,4,5,3,4,4,5,4,4,3,4,4,3,4,4,3,3,3,2,2,4,5,4,0,4,0,4,0,3,3,4,3,4,4,3,4,4,4,4
1028,2024,2,22,male,PL,IT,10,5,5,5,5,5,5,5,5,5,2,2,5,5,5,4,4,5,5,5,4,5,5,5,5,5,5,2,4,2,1,1,5,5,5,3,4,4,5,4,3,4,5,4,5,4,5,4,5,5,5
1029,2024,1,20,female,PL,education,2,5,5,4,5,5,4,5,4,4,2,2,4,4,4,3,3,4,4,4,4,3,4,4,4,2,4,3,3,3,4,3,5,5,5,4,3,4,4,4,4,5,5,5,5,5,5,5,5,5,5
1030,2024,1,23,female,PL,education,0,4,3,2,2,4,4,4,4,4,4,3,4,4,4,3,2,4,5,2,4,3,4,4,3,2,2,5,3,2,4,5,2,2,2,1,2,3,3,3,3,5,3,2,4,3,2,2,2,2,2
1031,2024,1,19,female,PL,education,0,3,5,4,2,3,5,5,5,5,5,5,4,3,2,1,1,1,5,5,5,4,5,5,3,3,3,4,3,3,3,3,4,2,3,4,3,2,4,4,4,4,4,4,4,4,3,3,1,2,4
1032,2024,1,20,female,PL,education,0,5,5,4,2,4,4,4,2,4,3,2,4,2,4,4,2,4,4,2,3,4,4,4,2,1,2,4,4,4,2,3,4,4,4,0,2,0,4,0,0,0,0,0,0,0,0,1,1,4,4
1033,2023,2,20,male,ID,IT,48,4,4,5,3,4,5,4,4,5,4,3,3,4,4,3,3,3,4,4,4,3,4,3,4,3,3,4,4,4,3,3,4,3,3,3,3,3,3,3,3,3,4,3,3,3,3,3,3,4,4
1034,2023,2,20,male,ID,IT,5,5,5,5,5,5,5,2,5,5,5,2,2,5,5,5,5,5,5,5,5,5,5,5,5,5,4,5,5,5,2,5,0,0,0,0,5,5,5,5,5,2,5,5,5,5,5,5,5,5,5
1035,2023,2,20,female,ID,IT,3,5,5,5,4,4,5,4,4,4,3,3,3,4,4,3,3,4,4,4,3,4,4,3,3,3,3,5,4,4,4,3,3,3,4,4,4,4,4,4,3,3,4,2,4,2,4,4,4,4,4
1036,2023,2,19,male,ID,IT,60,4,4,4,4,4,4,4,4,4,4,3,4,4,4,4,4,3,4,4,4,4,4,4,4,4,4,3,3,3,3,3,4,3,4,3,3,3,3,3,3,3,3,4,4,4,4,3,3,4,4
1037,2023,2,19,male,ID,IT,60,5,5,5,5,5,5,5,5,5,5,5,5,5,5,5,5,5,5,5,5,5,5,5,5,5,5,1,1,1,1,1,5,5,5,5,5,5,5,5,5,5,5,5,5,5,5,5,5,5,5
1038,2023,3,27,male,TR,IT,3,5,5,4,3,4,4,4,3,3,3,3,4,4,4,3,3,1,4,4,3,5,3,4,4,3,4,4,4,4,3,3,4,3,4,4,4,4,4,4,4,3,5,3,4,3,4,4,4,4,3
1039,2023,2,23,male,TR,IT,0,5,4,3,3,4,5,5,4,4,4,4,5,4,3,5,4,4,4,4,4,3,3,5,5,4,4,2,3,3,2,3,4,3,3,3,3,3,3,3,3,3,4,3,4,3,5,4,3,5,5
1040,2023,2,33,female,TR,IT,45,5,5,5,3,5,5,5,4,5,4,5,4,4,5,4,4,5,5,4,5,3,4,4,3,3,4,3,3,3,2,1,4,4,4,3,4,3,4,3,4,3,3,3,4,3,5,5,5,5,5
1041,2023,4,21,male,ID,IT,2,4,4,3,2,3,4,4,4,4,4,4,5,4,4,4,4,4,4,3,4,4,3,4,3,3,3,2,4,2,2,3,3,3,4,4,3,3,3,3,3,4,4,4,4,3,4,4,4,4,4
1042,2023,2,35,female,TR,IT,2,5,4,5,5,5,5,5,5,4,3,4,4,4,5,5,4,4,5,5,5,5,4,5,3,4,4,3,2,2,3,2,4,4,4,4,5,5,5,2,5,4,4,3,4,4,5,5,5,5,5
1043,2023,2,20,female,ID,IT,20,5,5,4,3,3,4,3,4,4,3,3,4,4,4,3,3,4,4,4,5,4,4,3,4,3,3,5,3,3,3,3,3,3,2,3,3,4,3,3,3,2,3,2,3,3,3,3,4,4,4
1044,2023,2,21,female,ID,IT,5,3,4,3,4,5,3,4,4,5,2,3,4,4,5,1,3,3,4,3,5,5,4,4,5,5,4,5,4,5,3,3,3,4,4,4,3,5,4,4,5,1,4,2,4,3,4,3,3,0,0
1045,2023,1,21,male,ID,IT,5,5,5,5,5,4,5,5,5,5,5,5,3,4,3,3,4,4,4,4,4,3,4,3,4,4,4,3,3,3,3,3,4,3,4,3,4,4,4,4,4,3,4,2,3,2,4,4,4,4,0
1046,2023,2,21,male,ID,IT,24,5,5,3,3,5,5,5,5,5,5,3,5,5,5,5,5,5,5,5,5,5,5,5,5,5,5,3,2,2,2,2,5,5,5,5,5,5,5,5,5,5,5,5,5,5,5,3,5,5,5
1047,2023,2,21,male,ID,IT,13,5,5,5,3,5,4,4,4,4,3,2,4,4,4,4,4,2,5,5,4,3,4,3,3,3,3,3,2,2,2,2,4,4,4,4,3,4,4,4,4,3,4,3,4,3,4,3,4,4,4
1048,2023,1,50,male,TR,IT,0,5,5,5,5,5,5,5,5,3,4,4,5,5,5,5,5,5,4,3,5,5,5,5,5,4,5,5,5,3,5,5,5,5,5,5,3,5,5,5,4,5,5,5,5,5,5,5,5,5,5
1049,2023,2,29,female,TR,IT,0,5,5,5,5,5,5,5,5,5,5,5,5,5,5,5,5,5,5,5,5,3,5,5,5,5,5,1,1,1,1,1,5,5,5,3,5,5,5,5,5,4,4,3,5,4,5,5,5,5,5
1050,2023,2,20,male,LT,IT,0,4,4,3,3,3,3,4,3,3,3,3,3,3,3,3,3,3,3,3,2,3,3,3,3,3,3,3,3,3,3,3,3,3,4,0,0,0,0,0,0,3,3,3,3,4,3,3,3,3,3
1051,2023,6,33,male,LT,IT,10,5,5,2,1,4,5,4,3,3,3,3,4,4,3,4,4,3,3,3,3,3,3,5,5,3,4,1,1,1,1,1,3,3,3,3,3,3,3,3,3,3,3,3,3,3,4,3,4,3,3
1052,2023,3,21,female,LT,IT,266,5,5,5,2,4,5,5,4,3,2,3,4,4,4,2,3,4,4,4,4,2,3,4,3,2,3,2,2,4,2,3,5,3,2,4,3,5,3,4,4,2,5,4,4,2,4,4,4,4,5
1053,2023,3,22,male,LT,IT,48,5,5,5,2,4,5,5,5,5,5,4,5,5,4,4,4,4,3,4,4,3,3,4,4,3,4,3,4,2,2,2,4,4,3,5,4,4,4,5,3,4,5,4,5,5,4,5,5,5,5
1054,2023,3,21,male,LT,IT,52,5,5,5,1,3,4,4,5,3,4,2,5,5,5,3,4,4,5,5,4,5,3,4,5,4,3,4,2,2,1,3,5,3,4,4,4,4,5,4,4,4,4,3,4,2,4,4,3,5,4
1055,2023,2,22,other,LT,IT,0,5,5,5,5,3,5,5,5,5,4,3,5,5,5,3,4,5,4,4,4,5,5,5,5,5,5,2,2,2,2,2,5,5,5,0,5,0,5,0,5,5,5,5,5,5,5,5,5,5,5
1056,2023,3,22,female,LT,IT,200,5,5,2,2,4,4,5,4,4,2,4,4,5,5,4,4,4,4,4,5,4,4,5,5,4,4,2,4,2,1,1,4,2,4,4,4,5,5,4,4,4,5,4,5,5,4,4,4,5,5
1057,2023,3,21,male,LT,other,0,5,5,5,4,5,5,5,5,5,3,3,4,4,5,2,4,5,4,2,4,4,5,5,5,5,4,4,4,3,3,4,5,4,4,4,4,3,4,3,4,3,4,4,4,4,4,4,4,0,0
1058,2023,2,20,male,LT,IT,0,5,5,5,5,5,5,4,5,5,4,4,5,4,3,4,4,4,3,4,5,4,4,5,5,4,4,3,3,2,2,3,0,0,0,0,0,0,0,0,0,0,0,0,0,0,4,4,5,5,5
1059,2023,2,21,male,LT,IT,0,5,5,4,2,3,5,5,5,5,4,4,5,3,3,3,3,4,4,5,5,5,5,4,4,4,4,3,3,2,2,2,3,3,3,4,3,3,3,3,3,3,4,4,3,4,4,3,3,3,3
1060,2023,2,20,male,LT,IT,0,5,5,4,4,5,5,5,5,5,2,3,4,5,5,5,3,5,4,4,4,2,3,4,3,3,3,4,5,5,2,4,4,0,0,0,0,0,4,0,0,3,3,0,0,4,4,4,4,5,5
1061,2023,3,21,other,LT,IT,200,5,5,3,1,3,3,2,3,2,1,2,2,2,3,2,2,1,1,1,3,2,3,3,3,3,3,3,3,3,3,4,3,3,3,3,3,3,2,3,3,3,3,3,3,3,3,3,3,3,3
1062,2023,3,21,male,LT,IT,200,5,5,5,1,5,4,4,4,4,2,2,4,4,5,4,4,4,4,3,4,3,4,4,4,4,4,4,4,3,2,3,4,4,4,4,4,4,4,3,4,4,4,4,5,4,4,4,4,4,4
1063,2023,3,21,female,LT,IT,2,5,5,4,3,5,5,5,4,4,3,5,4,4,5,4,4,4,3,4,3,3,3,4,3,4,4,2,2,1,1,1,4,4,4,4,4,4,4,4,4,5,5,5,5,4,4,4,4,4,4
1064,2023,3,23,male,LT,IT,150,5,5,5,5,5,5,4,4,4,3,4,5,4,5,4,4,4,4,4,4,5,4,5,3,3,3,3,4,2,2,2,4,4,3,4,3,4,4,4,4,3,5,3,5,3,4,4,4,4,5
1065,2023,2,20,male,LT,IT,0,5,5,5,5,5,5,5,5,4,4,3,4,4,4,4,4,4,5,5,5,3,4,5,5,3,4,4,1,1,2,4,5,0,0,0,0,0,0,0,0,0,0,0,0,0,4,4,4,5,5
1066,2023,3,21,male,LT,IT,132,5,5,3,2,4,5,4,4,4,3,3,5,4,3,3,3,4,4,5,4,3,3,4,4,2,3,5,4,3,2,3,3,3,3,4,4,4,3,4,3,3,3,2,4,2,3,2,3,4,5
1067,2023,3,21,male,LT,IT,150,5,5,4,2,3,4,4,3,3,2,4,2,4,5,2,2,4,3,4,4,5,4,3,4,1,3,2,1,2,3,5,4,2,2,4,2,4,1,4,2,3,4,2,5,1,2,2,1,5,4
1068,2023,2,20,male,LT,IT,0,5,5,5,1,5,5,5,5,5,3,4,5,5,5,3,3,3,5,5,5,3,5,5,4,2,4,2,3,3,3,1,0,0,0,0,0,0,0,0,5,0,0,0,0,0,4,4,5,5,5
1069,2023,3,21,male,LT,IT,100,5,5,5,1,5,5,5,5,4,3,4,5,5,5,4,4,4,5,5,5,5,5,4,5,5,4,3,4,3,3,1,5,5,5,5,5,5,5,5,5,5,5,5,5,4,4,3,3,5,5
1070,2023,1,20,male,FR,IT,0,5,5,4,2,3,1,4,2,4,1,3,4,2,1,2,2,1,1,1,3,4,1,3,4,1,2,2,2,1,5,2,0,0,0,0,0,0,0,0,0,0,0,0,0,0,1,2,1,1,3
1071,2023,3,21,female,LT,IT,43,5,5,4,4,3,5,4,4,3,2,4,5,4,4,2,3,4,4,4,3,4,3,4,4,4,3,2,3,2,3,2,4,3,3,4,4,5,4,3,4,4,4,2,5,3,4,4,3,4,5
1072,2023,3,21,male,LT,IT,1,5,5,5,2,3,5,5,3,3,2,4,4,4,5,4,3,5,3,3,4,4,4,4,4,5,4,4,3,2,3,3,4,4,4,4,4,5,4,5,4,3,5,4,5,3,4,4,4,4,3
1073,2023,1,22,male,FR,IT,100,5,5,4,1,4,4,3,3,4,2,3,5,1,4,3,2,5,3,2,3,2,4,4,2,3,4,2,3,3,4,3,4,0,5,4,4,4,5,4,2,4,4,3,4,5,4,5,3,2,4
1074,2023,3,21,male,FR,IT,0,4,3,5,3,2,4,4,3,4,3,3,4,4,3,4,2,2,3,3,4,4,5,4,3,3,4,3,2,1,2,3,0,4,0,0,3,0,3,0,0,0,0,0,0,0,0,3,3,4,4
1075,2023,1,20,male,LT,IT,0,5,5,5,2,5,5,4,5,4,4,4,4,4,4,4,4,4,4,4,4,4,3,5,4,4,4,2,2,2,2,2,0,0,0,0,0,0,0,0,0,0,0,0,0,0,0,0,0,0,0
1076,2023,3,21,male,LT,IT,100,5,4,4,4,4,5,5,4,4,4,4,5,5,5,4,4,4,4,4,4,4,3,5,5,4,4,3,3,2,3,3,4,3,3,4,3,3,3,4,3,3,4,3,4,3,4,4,4,4,4
1077,2023,3,21,male,LT,IT,400,5,5,5,4,4,5,5,5,5,4,4,5,4,4,5,5,4,5,4,5,5,4,4,4,4,4,5,5,4,5,3,5,5,4,4,4,5,4,4,4,4,4,5,5,4,5,4,5,5,5
1078,2023,3,20,male,ID,IT,10,4,4,3,4,3,4,5,4,5,4,5,4,4,3,4,4,3,4,4,4,4,3,3,4,3,4,4,3,4,3,4,4,5,4,5,4,3,5,4,4,4,4,4,4,4,4,4,5,4,4
1079,2023,3,21,female,ID,IT,0,5,5,5,5,5,5,4,5,5,5,5,4,4,4,4,4,4,4,4,4,4,4,4,4,4,4,4,4,4,4,4,5,5,5,5,5,5,5,5,5,5,5,5,5,5,5,5,5,5,5
1080,2023,1,25,male,ID,IT,20,5,5,3,3,5,4,4,3,4,4,3,5,4,5,4,4,3,4,4,4,5,4,3,3,3,3,3,2,2,4,2,4,4,4,4,4,4,4,4,4,4,4,4,4,4,4,4,4,4,4
1081,2023,4,21,male,ID,IT,1,5,5,5,5,5,4,4,4,4,4,4,5,5,4,5,4,4,4,4,4,4,4,5,4,4,4,3,3,3,3,3,4,4,4,4,3,4,4,4,4,5,5,4,4,4,5,4,5,5,5
1082,2023,1,19,male,ID,IT,0,5,5,5,5,5,5,5,5,5,5,5,5,5,5,5,5,5,5,5,5,5,5,5,5,5,5,4,4,4,4,4,0,0,0,0,0,0,0,0,0,0,0,0,0,0,0,0,0,0,0
1083,2023,4,22,female,ID,IT,6,5,5,4,3,5,4,4,5,5,5,4,4,5,4,4,4,3,4,3,3,4,4,4,3,3,3,3,3,3,2,2,5,5,5,5,4,4,4,3,3,4,5,5,5,5,4,3,4,4,4
1084,2023,1,19,male,ID,IT,21,2,2,2,2,2,1,2,2,2,2,2,2,2,2,2,2,2,2,2,2,2,2,2,2,2,2,2,2,2,2,2,2,2,2,2,2,2,2,2,2,2,2,2,2,2,2,2,2,2,2
1085,2023,4,21,female,ID,IT,50,4,4,4,4,4,4,4,4,4,4,4,4,4,3,3,3,3,3,3,3,4,3,4,4,4,4,3,3,3,3,3,3,3,3,3,3,3,3,3,3,3,3,3,3,3,3,3,3,3,3
1086,2023,1,20,female,ID,IT,3,3,3,4,3,4,3,3,4,4,4,4,4,4,4,4,4,3,4,4,4,4,4,4,4,4,3,4,3,4,3,4,2,3,2,3,3,3,3,3,3,3,3,3,3,3,4,3,4,4,4
1087,2023,4,21,male,ID,IT,30,4,4,4,4,4,4,3,4,4,2,4,4,4,4,4,4,4,4,4,4,4,4,4,4,4,4,2,2,2,2,2,4,4,4,4,4,4,4,4,4,4,4,3,4,4,4,4,4,4,4
1088,2023,1,18,male,ID,IT,30,1,1,1,1,1,1,1,1,1,1,1,1,1,1,1,1,1,1,1,1,1,1,1,1,1,1,3,3,2,2,2,1,1,1,1,1,1,1,3,1,3,1,1,1,3,1,1,1,1,1
1089,2023,2,20,male,ID,IT,0,4,4,4,4,4,4,4,4,4,4,4,5,4,4,4,4,3,4,4,4,4,4,4,4,4,4,4,3,3,3,3,3,4,5,5,4,4,4,4,4,4,4,4,4,4,4,3,4,4,4
1090,2023,4,21,male,ID,IT,20,5,5,5,4,5,4,5,5,5,4,4,5,5,5,4,4,5,5,5,4,5,4,5,4,3,4,5,3,5,4,4,4,4,4,4,3,4,4,4,4,3,4,4,4,3,4,4,4,4,4
1091,2023,3,20,female,ID,IT,4,3,4,3,4,4,4,4,4,4,4,4,4,4,4,3,4,3,4,3,4,4,4,3,4,4,4,3,2,2,2,2,4,5,5,5,4,4,4,4,5,5,5,3,4,4,4,3,4,4,4
1092,2023,2,20,male,ID,IT,0,4,4,3,4,3,4,4,5,5,4,4,3,4,4,4,4,4,3,4,4,4,4,5,5,4,5,3,3,3,3,4,4,4,4,4,3,3,3,3,3,4,4,4,4,4,4,4,4,4,4
1093,2023,1,20,male,ID,IT,0,3,4,4,3,3,3,4,4,4,3,4,4,4,4,2,2,2,4,4,4,3,3,1,2,2,3,4,4,4,2,2,4,4,4,3,4,4,4,4,2,4,4,3,4,4,4,4,4,4,4
1094,2023,1,19,male,ID,IT,60,1,1,1,1,1,2,2,1,2,2,2,2,2,1,2,2,1,1,2,1,1,1,1,1,1,1,2,2,2,3,2,1,1,1,2,2,1,2,2,2,2,2,1,1,1,1,2,2,2,2
1095,2023,3,23,male,LT,IT,52,5,5,5,1,4,5,5,3,2,1,4,4,4,5,4,3,4,3,4,2,4,3,4,1,3,3,4,4,3,3,3,4,4,3,4,3,4,4,4,3,3,4,3,5,4,3,3,3,2,2
1096,2023,1,19,male,ID,IT,0,4,4,4,4,3,4,4,5,4,3,4,4,4,4,3,4,4,4,5,3,3,4,4,4,4,4,3,3,3,2,1,4,3,4,3,4,3,5,4,4,3,4,3,4,3,5,4,4,4,4
1097,2023,1,18,female,ID,IT,6,4,4,4,4,2,3,4,4,4,3,4,4,3,4,3,3,4,2,4,5,2,4,4,3,3,3,4,3,3,4,4,4,4,4,4,4,5,5,0,0,3,4,4,4,4,4,4,4,5,4
1098,2023,4,22,female,ID,IT,9,2,2,2,2,2,2,3,3,2,3,3,3,2,2,2,2,2,2,2,2,2,2,2,2,2,2,2,2,2,2,2,2,2,2,2,2,2,2,2,2,2,2,2,2,2,2,2,2,2,2
1099,2023,3,20,male,ID,IT,25,5,5,5,5,5,5,5,5,5,5,5,5,5,5,5,5,5,5,5,5,5,5,5,5,5,5,5,5,5,5,5,5,5,5,5,5,5,5,5,5,5,5,5,5,5,5,5,5,5,5
1100,2023,3,21,male,LT,IT,48,5,5,5,3,2,5,4,5,3,2,4,4,4,4,2,4,3,3,4,3,3,4,4,4,3,3,4,3,3,2,3,4,4,3,5,4,4,4,5,4,4,5,3,4,4,5,5,4,5,5
1101,2023,7,24,male,ID,IT,3,4,4,3,5,4,4,4,4,4,4,4,4,5,4,5,4,3,4,4,4,4,4,5,4,4,4,5,3,4,3,3,4,0,5,5,0,4,3,4,3,0,0,3,3,3,0,4,4,4,4
1102,2023,1,19,male,ID,IT,2,3,3,2,2,2,3,3,2,3,2,2,3,3,3,3,3,2,3,3,3,3,3,3,2,2,3,2,2,2,2,2,3,3,3,3,3,3,3,3,2,3,3,2,3,2,3,3,3,3,3
1103,2023,3,20,female,ID,IT,3,4,4,3,4,3,4,4,3,4,3,3,4,4,4,3,3,3,3,4,4,4,4,4,3,3,4,2,3,2,2,2,3,4,3,3,4,4,5,4,4,2,4,2,4,3,4,4,4,4,4
1104,2023,3,21,female,ID,IT,100,4,4,3,4,5,5,5,5,4,4,4,4,4,5,4,4,5,3,3,3,5,4,4,3,3,4,3,4,3,3,2,5,3,3,4,4,5,5,4,3,5,4,4,4,4,5,5,5,5,5
1105,2023,2,21,male,LT,IT,0,5,5,4,4,4,5,5,5,5,3,3,5,5,5,3,3,4,4,5,4,4,5,5,5,5,5,2,3,1,1,1,5,5,5,0,4,0,5,0,4,2,5,5,5,4,5,4,5,5,5
1106,2023,2,19,female,ID,IT,5,4,4,2,4,3,4,4,4,5,3,3,4,4,2,4,2,4,4,4,2,2,4,4,4,4,4,4,4,2,2,3,4,2,2,4,4,2,4,2,4,2,4,4,2,4,4,4,3,4,4
1107,2023,3,20,female,ID,IT,0,5,5,3,2,4,4,4,4,4,4,4,4,4,4,4,4,4,4,4,4,4,4,4,4,4,4,3,4,3,2,2,2,2,2,2,3,3,4,4,3,2,2,2,4,3,3,3,3,3,3
1108,2023,2,19,female,ID,IT,4,5,5,5,5,5,5,5,5,5,5,5,5,5,5,3,5,5,5,5,5,5,3,5,5,5,5,5,5,5,2,5,4,5,5,5,5,5,5,2,5,2,4,1,4,2,5,5,4,5,5
1109,2023,2,20,male,ID,IT,30,5,5,5,3,4,5,5,5,5,5,5,5,5,5,5,5,5,5,5,5,5,5,5,5,4,5,1,2,1,1,1,5,4,4,4,5,5,5,5,5,5,5,4,5,4,5,5,5,5,5
1110,2023,4,22,male,ID,IT,144,5,5,3,5,3,4,4,3,4,3,3,5,5,5,5,4,4,3,3,3,4,3,4,5,4,4,4,3,4,4,4,4,4,4,4,3,4,4,4,4,4,4,4,4,3,5,3,4,3,3
1111,2023,4,21,male,ID,IT,3,5,4,4,5,5,5,5,5,4,4,4,5,5,5,5,5,5,5,5,5,5,4,4,4,5,4,4,5,4,4,5,5,5,5,5,5,5,5,5,4,4,5,4,4,5,4,5,5,4,5
1112,2023,4,22,male,ID,IT,100,5,5,4,2,5,5,5,4,4,3,4,5,5,5,4,4,4,5,5,5,4,4,4,4,3,4,4,2,2,2,1,4,4,4,4,3,3,4,4,4,3,5,5,5,3,3,4,4,4,4
1113,2023,3,21,female,ID,IT,20,5,5,5,4,5,4,5,5,5,5,5,4,5,5,4,4,5,5,5,3,4,4,5,5,4,4,1,1,1,1,1,4,4,3,4,4,4,4,4,4,3,4,4,4,4,4,4,4,4,5
1114,2023,4,21,female,ID,IT,135,5,5,5,3,3,5,5,5,5,5,4,4,4,4,3,3,4,5,5,5,3,2,5,5,3,3,2,2,2,1,1,5,5,5,5,4,4,5,5,4,5,5,5,5,5,3,4,4,4,4
1115,2023,2,19,male,ID,IT,9,1,1,1,2,3,2,1,1,1,2,1,1,2,2,1,1,1,2,1,1,2,2,1,2,1,2,2,2,1,1,2,2,2,1,2,2,2,1,2,1,2,2,1,2,1,1,1,2,1,2
1116,2023,2,19,female,ID,IT,1,5,5,5,5,5,4,4,5,5,5,3,5,5,5,5,5,5,5,5,5,5,5,5,5,5,5,5,1,1,3,4,5,4,4,4,5,0,0,5,4,4,4,3,3,3,4,4,4,4,4
1117,2023,3,22,male,ID,IT,112,5,5,5,5,5,5,5,5,5,5,5,5,5,5,5,5,5,5,5,5,5,5,5,5,5,5,4,3,3,2,4,4,5,4,4,4,4,4,4,4,4,4,4,4,3,5,4,5,4,4
1118,2023,4,21,male,ID,IT,70,5,5,4,4,5,5,5,4,4,4,5,5,5,5,4,5,5,3,4,4,4,3,5,5,5,5,2,2,1,1,1,5,4,4,4,4,4,5,4,5,4,4,4,4,4,5,4,4,4,5
1119,2023,3,21,male,ID,IT,112,5,5,4,4,5,5,5,5,5,4,5,5,5,5,4,4,5,4,5,5,5,5,5,5,4,5,2,2,1,1,1,4,4,5,4,4,5,5,4,4,4,5,3,4,4,4,4,4,5,5
1120,2023,4,21,male,ID,IT,100,4,4,4,4,4,4,4,4,4,4,4,3,4,4,3,4,4,4,3,4,4,4,4,4,4,4,3,3,3,3,3,4,4,4,4,4,4,4,4,4,4,4,4,4,4,4,4,4,4,4
1121,2023,4,22,male,ID,IT,30,5,5,5,5,5,5,5,5,5,5,5,5,5,5,5,5,5,5,5,5,5,5,5,5,5,5,4,4,3,4,5,4,4,4,4,4,4,5,4,4,4,5,3,4,4,4,4,4,4,4
1122,2023,3,21,male,ID,IT,0,5,5,5,3,2,4,5,4,4,4,4,4,4,3,2,3,4,4,3,4,3,4,4,5,3,3,4,4,4,2,2,4,3,3,4,4,4,2,2,2,2,4,3,3,3,3,2,4,4,4
1123,2023,2,20,male,ID,IT,3,5,5,5,2,4,5,5,5,5,5,5,5,4,4,4,4,5,5,5,5,5,5,5,5,5,5,2,1,1,1,1,4,2,3,3,4,3,4,3,4,3,3,3,4,3,3,3,0,5,4
1124,2023,3,21,female,LT,IT,0,5,5,5,1,4,5,5,5,5,2,5,4,4,4,4,3,4,3,3,3,3,3,4,2,3,4,2,2,1,1,1,3,3,3,3,3,3,4,3,3,3,4,3,4,3,3,3,4,4,4
1125,2023,4,21,male,ID,IT,0,5,5,5,5,5,5,5,5,5,5,5,5,5,5,5,5,5,5,4,5,5,5,5,5,5,5,5,4,4,4,4,0,5,5,0,0,0,0,0,0,5,5,5,5,5,5,5,5,5,5
1126,2023,2,20,male,ID,IT,42,5,5,4,4,4,5,5,5,5,2,4,4,5,5,4,4,5,5,4,3,4,4,5,5,4,4,2,3,3,2,2,4,3,3,3,3,3,4,4,3,3,4,3,4,3,4,3,3,4,5
1127,2023,2,19,male,ID,IT,10,5,5,4,5,3,5,5,5,4,5,4,5,5,4,4,2,4,4,4,4,4,4,3,3,4,2,3,2,3,3,1,5,2,2,2,3,3,3,3,3,3,5,3,5,3,3,3,3,5,5
1128,2023,3,21,male,ID,IT,26,4,4,5,3,3,3,5,4,4,2,3,4,5,4,4,3,3,3,4,3,2,4,3,3,4,4,4,3,3,3,3,5,3,4,4,4,5,4,3,4,4,4,3,4,2,3,4,3,5,5
1129,2023,4,47,male,ID,IT,100,5,5,4,3,5,4,4,4,4,5,4,5,5,4,4,4,4,4,4,4,3,4,4,3,3,4,3,2,3,3,2,4,3,3,4,3,4,5,4,4,3,4,3,5,3,4,4,4,4,4
1130,2023,2,20,male,ID,IT,0,5,5,5,5,5,5,5,4,5,4,4,5,4,5,4,3,3,5,3,4,4,4,5,4,3,3,5,5,5,3,3,3,2,3,2,3,3,2,2,3,2,5,5,5,5,4,4,4,5,5
1131,2023,2,21,male,LT,IT,0,5,5,3,3,3,4,4,4,4,4,4,5,4,4,3,3,3,4,4,3,3,3,3,3,3,3,4,4,4,4,4,4,3,4,3,4,3,4,3,3,3,3,3,3,3,4,4,4,4,4
1132,2023,4,22,male,ID,IT,400,5,5,4,4,5,5,5,5,4,5,4,5,5,4,4,4,4,3,4,5,3,3,5,5,4,5,3,4,2,2,3,5,5,4,4,4,5,5,4,4,4,4,5,3,5,5,4,5,4,4
1133,2023,3,20,male,ID,IT,900,5,5,4,3,4,4,4,4,5,5,5,5,5,5,4,3,3,4,4,3,4,4,3,4,4,4,3,2,2,5,4,5,5,5,3,4,5,5,5,5,4,4,2,2,4,4,5,4,4,4
1134,2023,2,21,male,LT,IT,15,5,5,4,3,5,4,5,5,5,4,5,5,5,5,3,4,4,4,3,3,4,4,4,5,3,3,4,3,2,3,3,4,3,3,4,3,4,4,3,4,4,5,2,4,3,4,4,4,5,5
1135,2023,3,21,female,LT,IT,50,5,5,5,5,5,5,5,4,5,4,3,5,5,5,3,4,5,4,5,4,4,3,5,5,3,4,3,4,1,3,3,4,4,4,5,4,5,4,5,5,4,5,3,4,2,4,4,4,4,4
1136,2023,3,21,female,ID,IT,10,5,5,4,4,5,5,5,5,5,5,5,5,5,5,5,5,5,5,5,5,5,5,5,5,5,5,4,3,3,3,3,5,5,5,5,5,5,5,5,5,5,5,5,5,5,5,5,5,5,5
1137,2023,2,20,male,LT,IT,1,5,5,4,4,3,4,4,4,4,3,3,4,3,3,3,4,3,3,4,3,4,3,4,3,3,3,3,3,3,3,3,3,4,4,3,3,3,4,3,3,3,4,3,3,3,4,3,4,5,5
1138,2023,2,20,male,LT,IT,5,5,5,5,5,5,5,5,5,5,5,5,5,5,5,5,5,5,5,5,5,5,5,4,3,5,5,1,1,1,1,1,0,0,0,0,4,4,4,4,4,5,5,4,4,4,5,5,5,5,5
1139,2023,4,21,male,ID,IT,100,5,5,4,3,4,5,4,4,4,3,4,5,5,5,4,4,3,4,4,4,2,4,4,5,3,4,2,2,1,3,3,4,3,5,3,4,5,4,4,2,4,5,3,4,2,4,4,4,5,5
1140,2023,1,19,male,ID,IT,72,5,5,4,3,4,4,4,4,4,3,5,5,5,5,4,4,4,4,4,4,4,4,4,3,5,4,3,3,2,2,3,5,5,5,5,4,4,4,4,3,3,5,4,5,4,4,4,4,4,4
1141,2023,2,20,male,LT,IT,0,5,5,5,2,4,5,5,5,4,3,4,5,4,5,5,3,5,4,4,4,4,4,5,5,3,4,2,3,1,2,1,0,0,0,0,4,0,4,0,4,3,5,3,4,3,5,4,5,5,5
1142,2023,2,21,male,LT,IT,0,5,5,5,1,5,4,5,1,5,1,1,5,3,3,5,3,5,3,1,5,3,1,5,5,1,3,5,5,5,5,5,0,3,3,3,1,1,1,1,1,3,3,3,3,3,3,3,3,0,0
1143,2023,3,23,male,LT,IT,266,5,5,5,4,4,5,5,5,5,4,4,5,4,5,4,4,5,3,4,4,4,4,4,4,4,3,2,3,1,1,1,3,3,3,3,4,4,4,4,4,3,5,3,4,3,4,5,5,5,5
1144,2023,3,21,male,LT,IT,0,5,5,5,5,5,5,5,5,5,5,5,5,5,5,5,5,5,5,5,5,5,5,5,5,5,5,5,5,5,5,5,5,4,4,5,1,1,1,1,1,2,5,2,3,3,2,2,2,3,4
1146,2024,2,24,female,UA,IT,100,5,5,5,5,3,5,5,5,5,5,5,5,5,5,4,5,4,5,3,4,4,4,5,5,3,4,2,1,1,1,1,5,5,5,5,5,5,5,5,5,5,5,4,5,5,5,5,5,5,5
1147,2024,3,29,female,UA,other,10,5,5,5,5,5,4,5,5,4,4,4,5,5,4,5,4,5,4,4,4,4,4,5,4,5,4,2,2,1,1,1,4,4,4,5,5,4,4,4,5,5,5,5,5,4,4,4,4,4,4
